loo_config,cell_label,actor,informant,n,n_tier,metric,loo_mean,full_all_mean,baseline_mean,delta_vs_full_all,delta_vs_baseline,sample_count,insufficient_if_control_only
loo_A1,P1←P1,1,1,32,control,frob_from_rank1,1.3569143,1.13378937,1.09867708,0.22312493,0.25823722,10,1
loo_A1,P1←P1,1,1,32,control,macro_gap,0.39661315,0.35096476,0.44322867,0.04564838,-0.04661552,10,1
loo_A1,P1←P1,1,1,64,core,frob_from_rank1,1.12503624,1.10563367,1.02874061,0.01940257,0.09629563,10,0
loo_A1,P1←P1,1,1,64,core,sigma_ratio,0.34708533,0.47843137,0.03058844,-0.13134605,0.31649688,5,0
loo_A1,P1←P1,1,1,64,core,macro_gap,0.39674764,0.39916104,0.48529242,-0.0024134,-0.08854478,10,0
loo_A1,P1←P1,1,1,128,core,frob_from_rank1,1.06505142,1.11520208,0.98354597,-0.05015065,0.08150545,10,0
loo_A1,P1←P1,1,1,128,core,sigma_ratio,0.13231007,0.15361636,0.00438039,-0.02130629,0.12792967,8,0
loo_A1,P1←P1,1,1,128,core,macro_gap,0.38809979,0.39080593,0.47817701,-0.00270613,-0.09007722,10,0
loo_A11,P2←P5,2,5,32,control,frob_from_rank1,1.24794199,1.13378937,1.09867708,0.11415262,0.14926492,10,1
loo_A11,P2←P5,2,5,32,control,macro_gap,0.3986041,0.35096476,0.44322867,0.04763933,-0.04462457,10,1
loo_A11,P2←P5,2,5,64,core,frob_from_rank1,1.08846432,1.10563367,1.02874061,-0.01716935,0.05972371,10,0
loo_A11,P2←P5,2,5,64,core,sigma_ratio,0.39210018,0.47843137,0.03058844,-0.0863312,0.36151173,4,0
loo_A11,P2←P5,2,5,64,core,macro_gap,0.40737704,0.39916104,0.48529242,0.008216,-0.07791538,10,0
loo_A11,P2←P5,2,5,128,core,frob_from_rank1,1.02879182,1.11520208,0.98354597,-0.08641025,0.04524585,10,0
loo_A11,P2←P5,2,5,128,core,sigma_ratio,0.16879248,0.15361636,0.00438039,0.01517613,0.16441209,10,0
loo_A11,P2←P5,2,5,128,core,macro_gap,0.37926165,0.39080593,0.47817701,-0.01154428,-0.09891536,10,0
loo_A12,P2←P6,2,6,32,control,frob_from_rank1,1.43157478,1.13378937,1.09867708,0.29778541,0.33289771,10,1
loo_A12,P2←P6,2,6,32,control,macro_gap,0.35570918,0.35096476,0.44322867,0.00474442,-0.08751949,10,1
loo_A12,P2←P6,2,6,64,core,frob_from_rank1,1.21779676,1.10563367,1.02874061,0.11216309,0.18905615,10,0
loo_A12,P2←P6,2,6,64,core,sigma_ratio,0.16606819,0.47843137,0.03058844,-0.31236318,0.13547975,7,0
loo_A12,P2←P6,2,6,64,core,macro_gap,0.41016795,0.39916104,0.48529242,0.01100692,-0.07512447,10,0
loo_A12,P2←P6,2,6,128,core,frob_from_rank1,1.17133306,1.11520208,0.98354597,0.05613098,0.18778709,10,0
loo_A12,P2←P6,2,6,128,core,sigma_ratio,0.06249375,0.15361636,0.00438039,-0.09112261,0.05811335,10,0
loo_A12,P2←P6,2,6,128,core,macro_gap,0.39418826,0.39080593,0.47817701,0.00338233,-0.08398875,10,0
loo_A13,P3←P6,3,6,32,control,frob_from_rank1,1.27495246,1.13378937,1.09867708,0.14116309,0.17627538,10,1
loo_A13,P3←P6,3,6,32,control,macro_gap,0.41543091,0.35096476,0.44322867,0.06446615,-0.02779775,10,1
loo_A13,P3←P6,3,6,64,core,frob_from_rank1,1.29672993,1.10563367,1.02874061,0.19109626,0.26798932,10,0
loo_A13,P3←P6,3,6,64,core,sigma_ratio,0.48331596,0.47843137,0.03058844,0.00488459,0.45272752,3,0
loo_A13,P3←P6,3,6,64,core,macro_gap,0.39742286,0.39916104,0.48529242,-0.00173818,-0.08786956,10,0
loo_A13,P3←P6,3,6,128,core,frob_from_rank1,1.10107551,1.11520208,0.98354597,-0.01412657,0.11752954,10,0
loo_A13,P3←P6,3,6,128,core,sigma_ratio,0.18260949,0.15361636,0.00438039,0.02899314,0.1782291,10,0
loo_A13,P3←P6,3,6,128,core,macro_gap,0.38632022,0.39080593,0.47817701,-0.00448571,-0.09185679,10,0
loo_A13,P3←P6,3,6,256,extended,frob_from_rank1,1.11724631,1.06503302,0.61128091,0.05221329,0.5059654,8,0
loo_A13,P3←P6,3,6,256,extended,sigma_ratio,0.06173413,0.05523607,0.00051937,0.00649807,0.06121476,8,0
loo_A13,P3←P6,3,6,256,extended,macro_gap,0.38598217,0.37867914,0.66520274,0.00730303,-0.27922058,8,0
loo_A14,P4←P3,4,3,32,control,frob_from_rank1,1.34701021,1.13378937,1.09867708,0.21322084,0.24833313,10,1
loo_A14,P4←P3,4,3,32,control,macro_gap,0.39054076,0.35096476,0.44322867,0.03957599,-0.05268791,10,1
loo_A14,P4←P3,4,3,64,core,frob_from_rank1,1.28653907,1.10563367,1.02874061,0.1809054,0.25779846,10,0
loo_A14,P4←P3,4,3,64,core,sigma_ratio,0.35959316,0.47843137,0.03058844,-0.11883821,0.32900472,1,0
loo_A14,P4←P3,4,3,64,core,macro_gap,0.39465452,0.39916104,0.48529242,-0.00450652,-0.0906379,10,0
loo_A14,P4←P3,4,3,128,core,frob_from_rank1,1.07026292,1.11520208,0.98354597,-0.04493916,0.08671695,10,0
loo_A14,P4←P3,4,3,128,core,sigma_ratio,0.19623059,0.15361636,0.00438039,0.04261424,0.1918502,10,0
loo_A14,P4←P3,4,3,128,core,macro_gap,0.37734739,0.39080593,0.47817701,-0.01345853,-0.10082961,10,0
loo_A14,P4←P3,4,3,256,extended,frob_from_rank1,1.14619117,1.06503302,0.61128091,0.08115815,0.53491025,8,0
loo_A14,P4←P3,4,3,256,extended,sigma_ratio,0.04471497,0.05523607,0.00051937,-0.01052109,0.0441956,8,0
loo_A14,P4←P3,4,3,256,extended,macro_gap,0.37296796,0.37867914,0.66520274,-0.00571118,-0.29223478,8,0
loo_A17,P4←P6,4,6,32,control,frob_from_rank1,1.18232002,1.13378937,1.09867708,0.04853065,0.08364294,10,1
loo_A17,P4←P6,4,6,32,control,macro_gap,0.3957353,0.35096476,0.44322867,0.04477054,-0.04749337,10,1
loo_A17,P4←P6,4,6,64,core,frob_from_rank1,1.24636913,1.10563367,1.02874061,0.14073546,0.21762852,10,0
loo_A17,P4←P6,4,6,64,core,sigma_ratio,0.35804861,0.47843137,0.03058844,-0.12038276,0.32746017,2,0
loo_A17,P4←P6,4,6,64,core,macro_gap,0.39267449,0.39916104,0.48529242,-0.00648655,-0.09261793,10,0
loo_A17,P4←P6,4,6,128,core,frob_from_rank1,1.18204731,1.11520208,0.98354597,0.06684523,0.19850134,10,0
loo_A17,P4←P6,4,6,128,core,sigma_ratio,0.17552412,0.15361636,0.00438039,0.02190776,0.17114373,9,0
loo_A17,P4←P6,4,6,128,core,macro_gap,0.38567049,0.39080593,0.47817701,-0.00513543,-0.09250651,10,0
loo_A18,P3←P3,3,3,32,control,frob_from_rank1,1.45261322,1.13378937,1.09867708,0.31882385,0.35393615,10,1
loo_A18,P3←P3,3,3,32,control,sigma_ratio,0.0,0.01045894,6651.34878869,-0.01045894,-6651.34878869,1,1
loo_A18,P3←P3,3,3,32,control,macro_gap,0.35582772,0.35096476,0.44322867,0.00486296,-0.08740095,10,1
loo_A18,P3←P3,3,3,64,core,frob_from_rank1,1.13907176,1.10563367,1.02874061,0.03343809,0.11033115,10,0
loo_A18,P3←P3,3,3,64,core,sigma_ratio,0.29210474,0.47843137,0.03058844,-0.18632663,0.2615163,2,0
loo_A18,P3←P3,3,3,64,core,macro_gap,0.409179,0.39916104,0.48529242,0.01001797,-0.07611342,10,0
loo_A18,P3←P3,3,3,128,core,frob_from_rank1,1.05771604,1.11520208,0.98354597,-0.05748604,0.07417006,10,0
loo_A18,P3←P3,3,3,128,core,sigma_ratio,0.16314899,0.15361636,0.00438039,0.00953263,0.1587686,9,0
loo_A18,P3←P3,3,3,128,core,macro_gap,0.37811919,0.39080593,0.47817701,-0.01268674,-0.10005782,10,0
loo_A18,P3←P3,3,3,256,extended,frob_from_rank1,1.04278722,1.06503302,0.61128091,-0.0222458,0.4315063,9,0
loo_A18,P3←P3,3,3,256,extended,sigma_ratio,0.04971059,0.05523607,0.00051937,-0.00552548,0.04919122,9,0
loo_A18,P3←P3,3,3,256,extended,macro_gap,0.37508705,0.37867914,0.66520274,-0.00359209,-0.29011569,9,0
loo_A19,P3←P4,3,4,32,control,frob_from_rank1,1.32083546,1.13378937,1.09867708,0.18704609,0.22215839,10,1
loo_A19,P3←P4,3,4,32,control,macro_gap,0.40200713,0.35096476,0.44322867,0.05104237,-0.04122153,10,1
loo_A19,P3←P4,3,4,64,core,frob_from_rank1,1.29583585,1.10563367,1.02874061,0.19020218,0.26709524,10,0
loo_A19,P3←P4,3,4,64,core,sigma_ratio,0.95180694,0.47843137,0.03058844,0.47337557,0.9212185,1,0
loo_A19,P3←P4,3,4,64,core,macro_gap,0.39693211,0.39916104,0.48529242,-0.00222893,-0.08836031,10,0
loo_A19,P3←P4,3,4,128,core,frob_from_rank1,1.09764731,1.11520208,0.98354597,-0.01755477,0.11410134,10,0
loo_A19,P3←P4,3,4,128,core,sigma_ratio,0.22005466,0.15361636,0.00438039,0.0664383,0.21567426,10,0
loo_A19,P3←P4,3,4,128,core,macro_gap,0.38536554,0.39080593,0.47817701,-0.00544038,-0.09281147,10,0
loo_A19,P3←P4,3,4,256,extended,frob_from_rank1,1.15033484,1.06503302,0.61128091,0.08530182,0.53905393,9,0
loo_A19,P3←P4,3,4,256,extended,sigma_ratio,0.05675072,0.05523607,0.00051937,0.00151466,0.05623135,9,0
loo_A19,P3←P4,3,4,256,extended,macro_gap,0.38673673,0.37867914,0.66520274,0.00805759,-0.27846601,9,0
loo_A2,P1←P2,1,2,32,control,frob_from_rank1,1.40842634,1.13378937,1.09867708,0.27463697,0.30974926,10,1
loo_A2,P1←P2,1,2,32,control,macro_gap,0.38854208,0.35096476,0.44322867,0.03757732,-0.05468659,10,1
loo_A2,P1←P2,1,2,64,core,frob_from_rank1,1.15319256,1.10563367,1.02874061,0.04755889,0.12445195,10,0
loo_A2,P1←P2,1,2,64,core,sigma_ratio,0.41936967,0.47843137,0.03058844,-0.05906171,0.38878122,2,0
loo_A2,P1←P2,1,2,64,core,macro_gap,0.39939977,0.39916104,0.48529242,0.00023873,-0.08589265,10,0
loo_A2,P1←P2,1,2,128,core,frob_from_rank1,0.99441302,1.11520208,0.98354597,-0.12078906,0.01086705,10,0
loo_A2,P1←P2,1,2,128,core,sigma_ratio,0.25554238,0.15361636,0.00438039,0.10192602,0.25116199,9,0
loo_A2,P1←P2,1,2,128,core,macro_gap,0.38309689,0.39080593,0.47817701,-0.00770903,-0.09508012,10,0
loo_A20,P3←P5,3,5,32,control,frob_from_rank1,1.26953317,1.13378937,1.09867708,0.1357438,0.17085609,10,1
loo_A20,P3←P5,3,5,32,control,macro_gap,0.41090299,0.35096476,0.44322867,0.05993822,-0.03232568,10,1
loo_A20,P3←P5,3,5,64,core,frob_from_rank1,1.28451779,1.10563367,1.02874061,0.17888412,0.25577718,10,0
loo_A20,P3←P5,3,5,64,core,sigma_ratio,0.65643643,0.47843137,0.03058844,0.17800506,0.62584799,2,0
loo_A20,P3←P5,3,5,64,core,macro_gap,0.39768614,0.39916104,0.48529242,-0.00147489,-0.08760628,10,0
loo_A20,P3←P5,3,5,128,core,frob_from_rank1,1.07332519,1.11520208,0.98354597,-0.04187688,0.08977922,10,0
loo_A20,P3←P5,3,5,128,core,sigma_ratio,0.16789089,0.15361636,0.00438039,0.01427454,0.1635105,9,0
loo_A20,P3←P5,3,5,128,core,macro_gap,0.37577599,0.39080593,0.47817701,-0.01502994,-0.10240102,10,0
loo_A21,P5←P3,5,3,32,control,frob_from_rank1,1.34129209,1.13378937,1.09867708,0.20750272,0.24261501,10,1
loo_A21,P5←P3,5,3,32,control,macro_gap,0.39140125,0.35096476,0.44322867,0.04043649,-0.05182742,10,1
loo_A21,P5←P3,5,3,64,core,frob_from_rank1,1.25060546,1.10563367,1.02874061,0.14497179,0.22186485,10,0
loo_A21,P5←P3,5,3,64,core,sigma_ratio,0.2298889,0.47843137,0.03058844,-0.24854247,0.19930046,2,0
loo_A21,P5←P3,5,3,64,core,macro_gap,0.38900781,0.39916104,0.48529242,-0.01015323,-0.09628461,10,0
loo_A21,P5←P3,5,3,128,core,frob_from_rank1,1.09942169,1.11520208,0.98354597,-0.01578039,0.11587572,10,0
loo_A21,P5←P3,5,3,128,core,sigma_ratio,0.21036625,0.15361636,0.00438039,0.0567499,0.20598586,10,0
loo_A21,P5←P3,5,3,128,core,macro_gap,0.38242753,0.39080593,0.47817701,-0.0083784,-0.09574948,10,0
loo_A22,P5←P4,5,4,32,control,frob_from_rank1,1.34829067,1.13378937,1.09867708,0.2145013,0.24961359,10,1
loo_A22,P5←P4,5,4,32,control,macro_gap,0.3948407,0.35096476,0.44322867,0.04387593,-0.04838797,10,1
loo_A22,P5←P4,5,4,64,core,frob_from_rank1,1.15756293,1.10563367,1.02874061,0.05192926,0.12882232,10,0
loo_A22,P5←P4,5,4,64,core,sigma_ratio,0.31181128,0.47843137,0.03058844,-0.16662009,0.28122284,3,0
loo_A22,P5←P4,5,4,64,core,macro_gap,0.39636184,0.39916104,0.48529242,-0.0027992,-0.08893058,10,0
loo_A22,P5←P4,5,4,128,core,frob_from_rank1,1.10699691,1.11520208,0.98354597,-0.00820517,0.12345094,10,0
loo_A22,P5←P4,5,4,128,core,sigma_ratio,0.11791759,0.15361636,0.00438039,-0.03569877,0.11353719,10,0
loo_A22,P5←P4,5,4,128,core,macro_gap,0.37225332,0.39080593,0.47817701,-0.01855261,-0.10592369,10,0
loo_A23,P5←P6,5,6,32,control,frob_from_rank1,1.30862137,1.13378937,1.09867708,0.174832,0.20994429,10,1
loo_A23,P5←P6,5,6,32,control,macro_gap,0.39758903,0.35096476,0.44322867,0.04662427,-0.04563963,10,1
loo_A23,P5←P6,5,6,64,core,frob_from_rank1,1.20931145,1.10563367,1.02874061,0.10367778,0.18057084,10,0
loo_A23,P5←P6,5,6,64,core,sigma_ratio,0.54212857,0.47843137,0.03058844,0.06369719,0.51154012,3,0
loo_A23,P5←P6,5,6,64,core,macro_gap,0.38804177,0.39916104,0.48529242,-0.01111927,-0.09725065,10,0
loo_A23,P5←P6,5,6,128,core,frob_from_rank1,1.10491855,1.11520208,0.98354597,-0.01028352,0.12137258,10,0
loo_A23,P5←P6,5,6,128,core,sigma_ratio,0.1531918,0.15361636,0.00438039,-0.00042455,0.14881141,10,0
loo_A23,P5←P6,5,6,128,core,macro_gap,0.36943112,0.39080593,0.47817701,-0.02137481,-0.10874589,10,0
loo_A24,P6←P4,6,4,32,control,frob_from_rank1,1.28543054,1.13378937,1.09867708,0.15164117,0.18675346,10,1
loo_A24,P6←P4,6,4,32,control,macro_gap,0.36225007,0.35096476,0.44322867,0.01128531,-0.0809786,10,1
loo_A24,P6←P4,6,4,64,core,frob_from_rank1,1.15764305,1.10563367,1.02874061,0.05200938,0.12890244,10,0
loo_A24,P6←P4,6,4,64,core,sigma_ratio,0.55676411,0.47843137,0.03058844,0.07833273,0.52617566,2,0
loo_A24,P6←P4,6,4,64,core,macro_gap,0.39613187,0.39916104,0.48529242,-0.00302916,-0.08916055,10,0
loo_A24,P6←P4,6,4,128,core,frob_from_rank1,0.96506674,1.11520208,0.98354597,-0.15013534,-0.01847923,10,0
loo_A24,P6←P4,6,4,128,core,sigma_ratio,0.19514811,0.15361636,0.00438039,0.04153175,0.19076771,10,0
loo_A24,P6←P4,6,4,128,core,macro_gap,0.38157097,0.39080593,0.47817701,-0.00923496,-0.09660604,10,0
loo_A25,P6←P6,6,6,32,control,frob_from_rank1,1.16948738,1.13378937,1.09867708,0.03569801,0.07081031,10,1
loo_A25,P6←P6,6,6,32,control,macro_gap,0.41476518,0.35096476,0.44322867,0.06380042,-0.02846349,10,1
loo_A25,P6←P6,6,6,64,core,frob_from_rank1,1.21610134,1.10563367,1.02874061,0.11046767,0.18736073,10,0
loo_A25,P6←P6,6,6,64,core,sigma_ratio,0.42614858,0.47843137,0.03058844,-0.05228279,0.39556014,1,0
loo_A25,P6←P6,6,6,64,core,macro_gap,0.39318055,0.39916104,0.48529242,-0.00598049,-0.09211187,10,0
loo_A25,P6←P6,6,6,128,core,frob_from_rank1,1.16571717,1.11520208,0.98354597,0.0505151,0.1821712,10,0
loo_A25,P6←P6,6,6,128,core,sigma_ratio,0.18410335,0.15361636,0.00438039,0.030487,0.17972296,10,0
loo_A25,P6←P6,6,6,128,core,macro_gap,0.39584741,0.39080593,0.47817701,0.00504149,-0.0823296,10,0
loo_A3,P1←P3,1,3,32,control,frob_from_rank1,1.20645413,1.13378937,1.09867708,0.07266476,0.10777705,10,1
loo_A3,P1←P3,1,3,32,control,macro_gap,0.43416871,0.35096476,0.44322867,0.08320395,-0.00905996,10,1
loo_A3,P1←P3,1,3,64,core,frob_from_rank1,1.30731265,1.10563367,1.02874061,0.20167898,0.27857204,10,0
loo_A3,P1←P3,1,3,64,core,macro_gap,0.39392073,0.39916104,0.48529242,-0.00524031,-0.09137169,10,0
loo_A3,P1←P3,1,3,128,core,frob_from_rank1,1.05157826,1.11520208,0.98354597,-0.06362382,0.06803229,10,0
loo_A3,P1←P3,1,3,128,core,sigma_ratio,0.0584497,0.15361636,0.00438039,-0.09516665,0.05406931,8,0
loo_A3,P1←P3,1,3,128,core,macro_gap,0.41571922,0.39080593,0.47817701,0.0249133,-0.06245779,10,0
loo_A4,P1←P4,1,4,32,control,frob_from_rank1,1.42495397,1.13378937,1.09867708,0.2911646,0.32627689,10,1
loo_A4,P1←P4,1,4,32,control,sigma_ratio,0.0,0.01045894,6651.34878869,-0.01045894,-6651.34878869,2,1
loo_A4,P1←P4,1,4,32,control,macro_gap,0.32463969,0.35096476,0.44322867,-0.02632507,-0.11858898,10,1
loo_A4,P1←P4,1,4,64,core,frob_from_rank1,1.16169275,1.10563367,1.02874061,0.05605909,0.13295215,10,0
loo_A4,P1←P4,1,4,64,core,sigma_ratio,0.61310729,0.47843137,0.03058844,0.13467592,0.58251885,3,0
loo_A4,P1←P4,1,4,64,core,macro_gap,0.39737149,0.39916104,0.48529242,-0.00178955,-0.08792093,10,0
loo_A4,P1←P4,1,4,128,core,frob_from_rank1,0.95782398,1.11520208,0.98354597,-0.15737809,-0.02572199,10,0
loo_A4,P1←P4,1,4,128,core,sigma_ratio,0.22768335,0.15361636,0.00438039,0.074067,0.22330296,10,0
loo_A4,P1←P4,1,4,128,core,macro_gap,0.39082705,0.39080593,0.47817701,2.112e-05,-0.08734996,10,0
loo_A5,P1←P5,1,5,32,control,frob_from_rank1,1.35641224,1.13378937,1.09867708,0.22262287,0.25773516,10,1
loo_A5,P1←P5,1,5,32,control,macro_gap,0.3900939,0.35096476,0.44322867,0.03912914,-0.05313477,10,1
loo_A5,P1←P5,1,5,64,core,frob_from_rank1,1.24998291,1.10563367,1.02874061,0.14434924,0.2212423,10,0
loo_A5,P1←P5,1,5,64,core,sigma_ratio,0.566213,0.47843137,0.03058844,0.08778163,0.53562456,2,0
loo_A5,P1←P5,1,5,64,core,macro_gap,0.39548445,0.39916104,0.48529242,-0.00367659,-0.08980797,10,0
loo_A5,P1←P5,1,5,128,core,frob_from_rank1,1.04756443,1.11520208,0.98354597,-0.06763765,0.06401846,10,0
loo_A5,P1←P5,1,5,128,core,sigma_ratio,0.33375873,0.15361636,0.00438039,0.18014238,0.32937834,10,0
loo_A5,P1←P5,1,5,128,core,macro_gap,0.39684283,0.39080593,0.47817701,0.00603691,-0.08133418,10,0
loo_A6,P1←P6,1,6,32,control,frob_from_rank1,1.19087772,1.13378937,1.09867708,0.05708835,0.09220064,10,1
loo_A6,P1←P6,1,6,32,control,macro_gap,0.39917034,0.35096476,0.44322867,0.04820558,-0.04405833,10,1
loo_A6,P1←P6,1,6,64,core,frob_from_rank1,1.18005475,1.10563367,1.02874061,0.07442108,0.15131414,10,0
loo_A6,P1←P6,1,6,64,core,sigma_ratio,0.21270157,0.47843137,0.03058844,-0.26572981,0.18211312,1,0
loo_A6,P1←P6,1,6,64,core,macro_gap,0.40909085,0.39916104,0.48529242,0.00992981,-0.07620157,10,0
loo_A6,P1←P6,1,6,128,core,frob_from_rank1,1.00481007,1.11520208,0.98354597,-0.11039201,0.0212641,10,0
loo_A6,P1←P6,1,6,128,core,sigma_ratio,0.18369133,0.15361636,0.00438039,0.03007498,0.17931094,9,0
loo_A6,P1←P6,1,6,128,core,macro_gap,0.40091758,0.39080593,0.47817701,0.01011165,-0.07725943,10,0
loo_A7,P2←P1,2,1,32,control,frob_from_rank1,1.26564709,1.13378937,1.09867708,0.13185772,0.16697001,10,1
loo_A7,P2←P1,2,1,32,control,macro_gap,0.39211857,0.35096476,0.44322867,0.0411538,-0.0511101,10,1
loo_A7,P2←P1,2,1,64,core,frob_from_rank1,1.33108376,1.10563367,1.02874061,0.22545009,0.30234315,10,0
loo_A7,P2←P1,2,1,64,core,macro_gap,0.39521804,0.39916104,0.48529242,-0.00394299,-0.09007438,10,0
loo_A7,P2←P1,2,1,128,core,frob_from_rank1,1.08433718,1.11520208,0.98354597,-0.0308649,0.10079121,10,0
loo_A7,P2←P1,2,1,128,core,sigma_ratio,0.18254921,0.15361636,0.00438039,0.02893285,0.17816882,10,0
loo_A7,P2←P1,2,1,128,core,macro_gap,0.38393298,0.39080593,0.47817701,-0.00687295,-0.09424403,10,0
loo_A8,P2←P2,2,2,32,control,frob_from_rank1,1.51456898,1.13378937,1.09867708,0.38077961,0.4158919,10,1
loo_A8,P2←P2,2,2,32,control,sigma_ratio,0.0,0.01045894,6651.34878869,-0.01045894,-6651.34878869,1,1
loo_A8,P2←P2,2,2,32,control,macro_gap,0.39767366,0.35096476,0.44322867,0.0467089,-0.04555501,10,1
loo_A8,P2←P2,2,2,64,core,frob_from_rank1,1.09988817,1.10563367,1.02874061,-0.0057455,0.07114756,10,0
loo_A8,P2←P2,2,2,64,core,macro_gap,0.43076269,0.39916104,0.48529242,0.03160165,-0.05452973,10,0
loo_A8,P2←P2,2,2,128,core,frob_from_rank1,1.21715409,1.11520208,0.98354597,0.10195201,0.23360812,10,0
loo_A8,P2←P2,2,2,128,core,sigma_ratio,0.17448223,0.15361636,0.00438039,0.02086588,0.17010184,10,0
loo_A8,P2←P2,2,2,128,core,macro_gap,0.36463998,0.39080593,0.47817701,-0.02616595,-0.11353703,10,0
loo_A9,P2←P3,2,3,32,control,frob_from_rank1,1.40136776,1.13378937,1.09867708,0.26757839,0.30269068,10,1
loo_A9,P2←P3,2,3,32,control,macro_gap,0.39399001,0.35096476,0.44322867,0.04302525,-0.04923866,10,1
loo_A9,P2←P3,2,3,64,core,frob_from_rank1,1.11972065,1.10563367,1.02874061,0.01408698,0.09098004,10,0
loo_A9,P2←P3,2,3,64,core,sigma_ratio,0.35669882,0.47843137,0.03058844,-0.12173255,0.32611038,4,0
loo_A9,P2←P3,2,3,64,core,macro_gap,0.38906189,0.39916104,0.48529242,-0.01009915,-0.09623053,10,0
loo_A9,P2←P3,2,3,128,core,frob_from_rank1,1.06142321,1.11520208,0.98354597,-0.05377887,0.07787724,10,0
loo_A9,P2←P3,2,3,128,core,sigma_ratio,0.15140862,0.15361636,0.00438039,-0.00220773,0.14702823,10,0
loo_A9,P2←P3,2,3,128,core,macro_gap,0.37529084,0.39080593,0.47817701,-0.01551508,-0.10288617,10,0
