config_name,n,n_tier,member_cell_count,closest_simpler_config,config_mean_frob_from_rank1,baseline_mean_frob_from_rank1,delta_vs_baseline,simpler_mean_frob_from_rank1,simpler_delta_vs_baseline,interaction_delta_abs_shift,comparison_status,comparison_scope,best_absolute_shift_subprogram,gain_over_best_absolute_shift,best_comparison_scope,unmeasured_strict_subprogram_count,sample_count,insufficient_if_control_only
A13_A14,32,control,4,A14_only,1.17416588,1.09867708,0.0754888,0.91111712,-0.18755996,-0.11207116,resolved,nearest_nonempty_shipped_strict_subprogram,loo_A14,-0.17284433,all_measured_shipped_strict_subprograms_including_empty,0,10,1
A13_A14,64,core,4,A14_only,0.96419007,1.02874061,-0.06455054,1.11256694,0.08382633,-0.01927579,resolved,nearest_nonempty_shipped_strict_subprogram,empty,-0.61377996,all_measured_shipped_strict_subprograms_including_empty,0,10,0
A13_A14,128,core,4,A14_only,1.18688472,0.98354597,0.20333875,1.31820961,0.33466364,-0.13132489,resolved,nearest_nonempty_shipped_strict_subprogram,empty,-0.57114732,all_measured_shipped_strict_subprograms_including_empty,0,10,0
A14_A19,32,control,4,A14_only,1.48599649,1.09867708,0.38731941,0.91111712,-0.18755996,0.19975945,resolved,nearest_nonempty_shipped_strict_subprogram,loo_A14,0.13898628,all_measured_shipped_strict_subprograms_including_empty,0,10,1
A14_A19,64,core,4,A14_only,1.21887426,1.02874061,0.19013365,1.11256694,0.08382633,0.10630732,resolved,nearest_nonempty_shipped_strict_subprogram,empty,-0.48819686,all_measured_shipped_strict_subprograms_including_empty,0,10,0
A14_A19,128,core,4,A14_only,1.10406652,0.98354597,0.12052055,1.31820961,0.33466364,-0.2141431,resolved,nearest_nonempty_shipped_strict_subprogram,empty,-0.65396552,all_measured_shipped_strict_subprograms_including_empty,0,10,0
A14_only,32,control,3,baseline,0.91111712,1.09867708,-0.18755996,1.09867708,0.0,0.18755996,resolved,nearest_nonempty_shipped_strict_subprogram,loo_A14,-0.06077318,all_measured_shipped_strict_subprograms_including_empty,0,10,1
A14_only,64,core,3,baseline,1.11256694,1.02874061,0.08382633,1.02874061,0.0,0.08382633,resolved,nearest_nonempty_shipped_strict_subprogram,empty,-0.59450418,all_measured_shipped_strict_subprograms_including_empty,0,10,0
A14_only,128,core,3,baseline,1.31820961,0.98354597,0.33466364,0.98354597,0.0,0.33466364,resolved,nearest_nonempty_shipped_strict_subprogram,empty,-0.43982242,all_measured_shipped_strict_subprograms_including_empty,0,10,0
A14_only,256,extended,3,baseline,1.25455103,0.61128091,0.64327012,0.61128091,0.0,0.64327012,resolved,nearest_nonempty_shipped_strict_subprogram,loo_A14,0.10835986,all_measured_shipped_strict_subprograms_including_empty,0,8,0
A16_only,32,control,3,baseline,1.14658354,1.09867708,0.04790647,1.09867708,0.0,0.04790647,resolved,nearest_nonempty_shipped_strict_subprogram,empty,-0.14755772,all_measured_shipped_strict_subprograms_including_empty,0,10,1
A16_only,64,core,3,baseline,0.78599151,1.02874061,-0.2427491,1.02874061,0.0,0.2427491,resolved,nearest_nonempty_shipped_strict_subprogram,empty,-0.43558141,all_measured_shipped_strict_subprograms_including_empty,0,10,0
A16_only,128,core,3,baseline,1.18220927,0.98354597,0.1986633,0.98354597,0.0,0.1986633,resolved,nearest_nonempty_shipped_strict_subprogram,empty,-0.57582277,all_measured_shipped_strict_subprograms_including_empty,0,10,0
A16_only,256,extended,3,baseline,1.2718219,0.61128091,0.66054099,0.61128091,0.0,0.66054099,resolved,nearest_nonempty_shipped_strict_subprogram,empty,0.18454765,all_measured_shipped_strict_subprograms_including_empty,0,5,0
A17_only,32,control,3,baseline,0.98464927,1.09867708,-0.11402781,1.09867708,0.0,0.11402781,resolved,nearest_nonempty_shipped_strict_subprogram,empty,-0.08143638,all_measured_shipped_strict_subprograms_including_empty,0,10,1
A17_only,64,core,3,baseline,1.12734559,1.02874061,0.09860498,1.02874061,0.0,0.09860498,resolved,nearest_nonempty_shipped_strict_subprogram,empty,-0.57972552,all_measured_shipped_strict_subprograms_including_empty,0,10,0
A17_only,128,core,3,baseline,1.14857716,0.98354597,0.16503119,0.98354597,0.0,0.16503119,resolved,nearest_nonempty_shipped_strict_subprogram,empty,-0.60945488,all_measured_shipped_strict_subprograms_including_empty,0,10,0
A17_only,256,extended,3,baseline,1.29134653,0.61128091,0.68006562,0.61128091,0.0,0.68006562,resolved,nearest_nonempty_shipped_strict_subprogram,empty,0.20407228,all_measured_shipped_strict_subprograms_including_empty,1,8,0
A18_A19,32,control,4,A18_only,1.31411669,1.09867708,0.21543962,1.0734639,-0.02521318,0.19022644,resolved,nearest_nonempty_shipped_strict_subprogram,loo_A18,-0.13849653,all_measured_shipped_strict_subprograms_including_empty,0,10,1
A18_A19,64,core,4,A18_only,1.19256788,1.02874061,0.16382727,1.05703533,0.02829472,0.13553255,resolved,nearest_nonempty_shipped_strict_subprogram,empty,-0.51450324,all_measured_shipped_strict_subprograms_including_empty,0,10,0
A18_A19,128,core,4,A18_only,0.97517052,0.98354597,-0.00837545,0.98354597,0.0,0.00837545,resolved,nearest_nonempty_shipped_strict_subprogram,empty,-0.76611062,all_measured_shipped_strict_subprograms_including_empty,0,10,0
A20_only,32,control,3,baseline,1.09867708,1.09867708,0.0,1.09867708,0.0,0.0,resolved,nearest_nonempty_shipped_strict_subprogram,empty,-0.19546419,all_measured_shipped_strict_subprograms_including_empty,0,10,1
A20_only,64,core,3,baseline,1.02874061,1.02874061,0.0,1.02874061,0.0,0.0,resolved,nearest_nonempty_shipped_strict_subprogram,empty,-0.67833051,all_measured_shipped_strict_subprograms_including_empty,0,10,0
A20_only,128,core,3,baseline,0.98354597,0.98354597,0.0,0.98354597,0.0,0.0,resolved,nearest_nonempty_shipped_strict_subprogram,empty,-0.77448607,all_measured_shipped_strict_subprograms_including_empty,0,10,0
P1_row,32,control,7,baseline,1.01567993,1.09867708,-0.08299715,1.09867708,0.0,0.08299715,resolved,nearest_nonempty_shipped_strict_subprogram,loo_A4,-0.24327974,all_measured_shipped_strict_subprograms_including_empty,0,10,1
P1_row,64,core,7,baseline,0.99452624,1.02874061,-0.03421437,1.02874061,0.0,0.03421437,resolved,nearest_nonempty_shipped_strict_subprogram,empty,-0.64411614,all_measured_shipped_strict_subprograms_including_empty,0,10,0
P1_row,128,core,7,baseline,1.11965921,0.98354597,0.13611324,0.98354597,0.0,0.13611324,resolved,nearest_nonempty_shipped_strict_subprogram,empty,-0.63837282,all_measured_shipped_strict_subprograms_including_empty,0,10,0
P3_row,32,control,5,A18_A19,1.30669516,1.09867708,0.20801808,1.31411669,0.21543962,-0.00742153,resolved,nearest_nonempty_shipped_strict_subprogram,loo_A18,-0.14591806,all_measured_shipped_strict_subprograms_including_empty,0,10,1
P3_row,64,core,5,A18_A19,1.0319895,1.02874061,0.00324889,1.19256788,0.16382727,-0.16057838,resolved,nearest_nonempty_shipped_strict_subprogram,empty,-0.67508162,all_measured_shipped_strict_subprograms_including_empty,0,10,0
P3_row,128,core,5,A18_A19,0.98995187,0.98354597,0.0064059,0.97517052,-0.00837545,-0.00196955,resolved,nearest_nonempty_shipped_strict_subprogram,empty,-0.76808017,all_measured_shipped_strict_subprograms_including_empty,0,10,0
P5_row,32,control,5,A22_only,1.09867708,1.09867708,0.0,1.09867708,0.0,0.0,resolved,nearest_nonempty_shipped_strict_subprogram,loo_A22,-0.24961359,all_measured_shipped_strict_subprograms_including_empty,0,10,1
P5_row,64,core,5,A22_only,1.02874061,1.02874061,0.0,1.02874061,0.0,0.0,resolved,nearest_nonempty_shipped_strict_subprogram,empty,-0.67833051,all_measured_shipped_strict_subprograms_including_empty,0,10,0
P5_row,128,core,5,A22_only,0.98354597,0.98354597,0.0,0.98354597,0.0,0.0,resolved,nearest_nonempty_shipped_strict_subprogram,empty,-0.77448607,all_measured_shipped_strict_subprograms_including_empty,0,10,0
P6_row,32,control,4,baseline,1.12200857,1.09867708,0.02333149,1.09867708,0.0,0.02333149,resolved,nearest_nonempty_shipped_strict_subprogram,empty,-0.17213269,all_measured_shipped_strict_subprograms_including_empty,0,10,1
P6_row,64,core,4,baseline,0.94502258,1.02874061,-0.08371803,1.02874061,0.0,0.08371803,resolved,nearest_nonempty_shipped_strict_subprogram,empty,-0.59461247,all_measured_shipped_strict_subprograms_including_empty,0,10,0
P6_row,128,core,4,baseline,0.93779592,0.98354597,-0.04575005,0.98354597,0.0,0.04575005,resolved,nearest_nonempty_shipped_strict_subprogram,empty,-0.72873602,all_measured_shipped_strict_subprograms_including_empty,0,10,0
full_action,32,control,24,fa_no_inf_P5,1.3677266,1.09867708,0.26904952,1.22638328,0.1277062,0.14134332,resolved,nearest_nonempty_shipped_strict_subprogram,fa_no_inf_P6,-0.28993861,all_measured_shipped_strict_subprograms_including_empty,0,10,1
full_action,64,core,24,fa_no_inf_P5,1.28542918,1.02874061,0.25668857,0.9968851,-0.0318555,0.22483306,resolved,nearest_nonempty_shipped_strict_subprogram,empty,-0.42164194,all_measured_shipped_strict_subprograms_including_empty,0,10,0
full_action,128,core,24,fa_no_inf_P5,1.10491855,0.98354597,0.12137258,1.05411114,0.07056517,0.05080742,resolved,nearest_nonempty_shipped_strict_subprogram,empty,-0.65311348,all_measured_shipped_strict_subprograms_including_empty,0,10,0
full_action,256,extended,24,fa_no_inf_P5,1.13745712,0.61128091,0.52617621,,,,unresolved,nearest_nonempty_shipped_strict_subprogram,A17_only,-0.15388941,all_measured_shipped_strict_subprograms_including_empty,49,10,0
full_all,32,control,25,full_action,1.13378937,1.09867708,0.03511229,1.3677266,0.26904952,-0.23393723,resolved,nearest_nonempty_shipped_strict_subprogram,fa_no_inf_P6,-0.52387584,all_measured_shipped_strict_subprograms_including_empty,0,10,1
full_all,64,core,25,full_action,1.10563367,1.02874061,0.07689306,1.28542918,0.25668857,-0.17979551,resolved,nearest_nonempty_shipped_strict_subprogram,empty,-0.60143744,all_measured_shipped_strict_subprograms_including_empty,0,10,0
full_all,128,core,25,full_action,1.11520208,0.98354597,0.13165611,1.10491855,0.12137258,0.01028352,resolved,nearest_nonempty_shipped_strict_subprogram,empty,-0.64282996,all_measured_shipped_strict_subprograms_including_empty,0,10,0
full_all,256,extended,25,full_action,1.06503302,0.61128091,0.45375211,1.13745712,0.52617621,-0.0724241,resolved,nearest_nonempty_shipped_strict_subprogram,A17_only,-0.22631351,all_measured_shipped_strict_subprograms_including_empty,53,10,0
