config_name,n,n_tier,metric,config_mean,baseline_mean,delta_vs_baseline,delta_vs_baseline_std_units,sample_count,insufficient_if_control_only
A13_A14,32,control,frob_from_rank1,1.17416588,1.09867708,0.0754888,0.26202378,10,1
A13_A14,32,control,sigma_ratio,0.18183156,6651.34878869,-6651.16695713,-0.35355917,5,1
A13_A14,32,control,macro_gap,0.42492297,0.44322867,-0.0183057,-0.1651889,10,1
A13_A14,64,core,frob_from_rank1,0.96419007,1.02874061,-0.06455054,-0.33804534,10,0
A13_A14,64,core,sigma_ratio,0.03376769,0.03058844,0.00317924,0.12368417,10,0
A13_A14,64,core,macro_gap,0.47050351,0.48529242,-0.01478891,-0.13464192,10,0
A13_A14,128,core,frob_from_rank1,1.18688472,0.98354597,0.20333875,1.39780891,10,0
A13_A14,128,core,sigma_ratio,0.00464772,0.00438039,0.00026733,0.06034102,10,0
A13_A14,128,core,macro_gap,0.34141732,0.47817701,-0.13675969,-2.51871796,10,0
A14_A19,32,control,frob_from_rank1,1.48599649,1.09867708,0.38731941,1.34439668,10,1
A14_A19,32,control,macro_gap,0.36832611,0.44322867,-0.07490256,-0.67591354,10,1
A14_A19,64,core,frob_from_rank1,1.21887426,1.02874061,0.19013365,0.9957127,10,0
A14_A19,64,core,sigma_ratio,0.03468332,0.03058844,0.00409487,0.15930561,1,0
A14_A19,64,core,macro_gap,0.42224178,0.48529242,-0.06305064,-0.57402884,10,0
A14_A19,128,core,frob_from_rank1,1.10406652,0.98354597,0.12052055,0.82849282,10,0
A14_A19,128,core,sigma_ratio,0.01431665,0.00438039,0.00993626,2.24277603,9,0
A14_A19,128,core,macro_gap,0.38033201,0.47817701,-0.097845,-1.80202193,10,0
A14_only,32,control,frob_from_rank1,0.91111712,1.09867708,-0.18755996,-0.65102595,10,1
A14_only,32,control,sigma_ratio,0.23626438,6651.34878869,-6651.11252432,-0.35355628,5,1
A14_only,32,control,macro_gap,0.50147451,0.44322867,0.05824584,0.5256049,10,1
A14_only,64,core,frob_from_rank1,1.11256694,1.02874061,0.08382633,0.43899088,10,0
A14_only,64,core,sigma_ratio,0.0476915,0.03058844,0.01710306,0.66537157,10,0
A14_only,64,core,macro_gap,0.45121352,0.48529242,-0.0340789,-0.31026285,10,0
A14_only,128,core,frob_from_rank1,1.31820961,0.98354597,0.33466364,2.30057392,10,0
A14_only,128,core,sigma_ratio,0.00515956,0.00438039,0.00077917,0.17587148,10,0
A14_only,128,core,macro_gap,0.2929953,0.47817701,-0.18518171,-3.41051156,10,0
A14_only,256,extended,frob_from_rank1,1.25455103,0.61128091,0.64327012,34.26293021,8,0
A14_only,256,extended,sigma_ratio,0.00049392,0.00051937,-2.545e-05,-0.19742602,8,0
A14_only,256,extended,macro_gap,0.29864393,0.66520274,-0.36655881,-16.17512175,8,0
A16_only,32,control,frob_from_rank1,1.14658354,1.09867708,0.04790647,0.16628471,10,1
A16_only,32,control,sigma_ratio,0.16709655,6651.34878869,-6651.18169214,-0.35355995,3,1
A16_only,32,control,macro_gap,0.48243476,0.44322867,0.0392061,0.35379206,10,1
A16_only,64,core,frob_from_rank1,0.78599151,1.02874061,-0.2427491,-1.27125504,10,0
A16_only,64,core,sigma_ratio,0.05047155,0.03058844,0.0198831,0.77352553,9,0
A16_only,64,core,macro_gap,0.5848316,0.48529242,0.09953918,0.90622968,10,0
A16_only,128,core,frob_from_rank1,1.18220927,0.98354597,0.1986633,1.36566853,10,0
A16_only,128,core,sigma_ratio,0.00568966,0.00438039,0.00130927,0.29552354,10,0
A16_only,128,core,macro_gap,0.34590296,0.47817701,-0.13227405,-2.43610556,10,0
A16_only,256,extended,frob_from_rank1,1.2718219,0.61128091,0.66054099,35.18284034,5,0
A16_only,256,extended,sigma_ratio,0.00032917,0.00051937,-0.00019021,-1.47557891,5,0
A16_only,256,extended,macro_gap,0.27844796,0.66520274,-0.38675478,-17.06630833,5,0
A17_only,32,control,frob_from_rank1,0.98464927,1.09867708,-0.11402781,-0.39579376,10,1
A17_only,32,control,sigma_ratio,0.17748892,6651.34878869,-6651.17129977,-0.3535594,8,1
A17_only,32,control,macro_gap,0.46661903,0.44322867,0.02339036,0.21107237,10,1
A17_only,64,core,frob_from_rank1,1.12734559,1.02874061,0.09860498,0.51638537,10,0
A17_only,64,core,sigma_ratio,0.06652908,0.03058844,0.03594063,1.39822229,9,0
A17_only,64,core,macro_gap,0.44725709,0.48529242,-0.03803533,-0.34628321,10,0
A17_only,128,core,frob_from_rank1,1.14857716,0.98354597,0.16503119,1.13447175,10,0
A17_only,128,core,sigma_ratio,0.00384794,0.00438039,-0.00053245,-0.12018307,10,0
A17_only,128,core,macro_gap,0.36845012,0.47817701,-0.10972689,-2.02085201,10,0
A17_only,256,extended,frob_from_rank1,1.29134653,0.61128091,0.68006562,36.22279397,8,0
A17_only,256,extended,sigma_ratio,0.00034331,0.00051937,-0.00017606,-1.36582274,8,0
A17_only,256,extended,macro_gap,0.28721731,0.66520274,-0.37798544,-16.67934384,8,0
A18_A19,32,control,frob_from_rank1,1.31411669,1.09867708,0.21543962,0.74779702,10,1
A18_A19,32,control,macro_gap,0.39585409,0.44322867,-0.04737457,-0.42750365,10,1
A18_A19,64,core,frob_from_rank1,1.19256788,1.02874061,0.16382727,0.85794857,10,0
A18_A19,64,core,sigma_ratio,0.024485,0.03058844,-0.00610344,-0.23744633,3,0
A18_A19,64,core,macro_gap,0.43697801,0.48529242,-0.04831441,-0.43986653,10,0
A18_A19,128,core,frob_from_rank1,0.97517052,0.98354597,-0.00837545,-0.05757524,10,0
A18_A19,128,core,sigma_ratio,0.004131,0.00438039,-0.00024939,-0.05629166,10,0
A18_A19,128,core,macro_gap,0.50146225,0.47817701,0.02328524,0.42884681,10,0
A20_only,32,control,frob_from_rank1,1.09867708,1.09867708,0.0,0.0,10,1
A20_only,32,control,sigma_ratio,6651.34878869,6651.34878869,0.0,0.0,8,1
A20_only,32,control,macro_gap,0.44322867,0.44322867,0.0,0.0,10,1
A20_only,64,core,frob_from_rank1,1.02874061,1.02874061,0.0,0.0,10,0
A20_only,64,core,sigma_ratio,0.03058844,0.03058844,0.0,0.0,9,0
A20_only,64,core,macro_gap,0.48529242,0.48529242,0.0,0.0,10,0
A20_only,128,core,frob_from_rank1,0.98354597,0.98354597,0.0,0.0,10,0
A20_only,128,core,sigma_ratio,0.00438039,0.00438039,0.0,0.0,10,0
A20_only,128,core,macro_gap,0.47817701,0.47817701,0.0,0.0,10,0
P1_row,32,control,frob_from_rank1,1.01567993,1.09867708,-0.08299715,-0.28808545,10,1
P1_row,32,control,sigma_ratio,0.1618453,6651.34878869,-6651.1869434,-0.35356023,8,1
P1_row,32,control,macro_gap,0.41891411,0.44322867,-0.02431456,-0.21941227,10,1
P1_row,64,core,frob_from_rank1,0.99452624,1.02874061,-0.03421437,-0.17917754,10,0
P1_row,64,core,sigma_ratio,0.05797053,0.03058844,0.02738209,1.06526351,10,0
P1_row,64,core,macro_gap,0.48143714,0.48529242,-0.00385528,-0.03509941,10,0
P1_row,128,core,frob_from_rank1,1.11965921,0.98354597,0.13611324,0.93568148,10,0
P1_row,128,core,sigma_ratio,0.01063651,0.00438039,0.00625611,1.41210717,10,0
P1_row,128,core,macro_gap,0.46885254,0.47817701,-0.00932447,-0.17172976,10,0
P3_row,32,control,frob_from_rank1,1.30669516,1.09867708,0.20801808,0.72203667,10,1
P3_row,32,control,macro_gap,0.35247714,0.44322867,-0.09075153,-0.81893313,10,1
P3_row,64,core,frob_from_rank1,1.0319895,1.02874061,0.00324889,0.01701412,10,0
P3_row,64,core,sigma_ratio,0.03587258,0.03058844,0.00528413,0.20557214,7,0
P3_row,64,core,macro_gap,0.46695095,0.48529242,-0.01834147,-0.16698533,10,0
P3_row,128,core,frob_from_rank1,0.98995187,0.98354597,0.0064059,0.04403597,10,0
P3_row,128,core,sigma_ratio,0.00562968,0.00438039,0.00124929,0.2819847,10,0
P3_row,128,core,macro_gap,0.47964005,0.47817701,0.00146304,0.02694504,10,0
P5_row,32,control,frob_from_rank1,1.09867708,1.09867708,0.0,0.0,10,1
P5_row,32,control,sigma_ratio,6651.34878869,6651.34878869,0.0,0.0,8,1
P5_row,32,control,macro_gap,0.44322867,0.44322867,0.0,0.0,10,1
P5_row,64,core,frob_from_rank1,1.02874061,1.02874061,0.0,0.0,10,0
P5_row,64,core,sigma_ratio,0.03058844,0.03058844,0.0,0.0,9,0
P5_row,64,core,macro_gap,0.48529242,0.48529242,0.0,0.0,10,0
P5_row,128,core,frob_from_rank1,0.98354597,0.98354597,0.0,0.0,10,0
P5_row,128,core,sigma_ratio,0.00438039,0.00438039,0.0,0.0,10,0
P5_row,128,core,macro_gap,0.47817701,0.47817701,0.0,0.0,10,0
P6_row,32,control,frob_from_rank1,1.12200857,1.09867708,0.02333149,0.08098428,10,1
P6_row,32,control,sigma_ratio,0.28459082,6651.34878869,-6651.06419787,-0.35355371,7,1
P6_row,32,control,macro_gap,0.4454187,0.44322867,0.00219003,0.01976264,10,1
P6_row,64,core,frob_from_rank1,0.94502258,1.02874061,-0.08371803,-0.43842374,10,0
P6_row,64,core,sigma_ratio,0.03652474,0.03058844,0.0059363,0.23094385,10,0
P6_row,64,core,macro_gap,0.47935867,0.48529242,-0.00593375,-0.05402233,10,0
P6_row,128,core,frob_from_rank1,0.93779592,0.98354597,-0.04575005,-0.31449897,10,0
P6_row,128,core,sigma_ratio,0.00459917,0.00438039,0.00021878,0.04938125,10,0
P6_row,128,core,macro_gap,0.51574537,0.47817701,0.03756836,0.69190054,10,0
baseline,32,control,frob_from_rank1,1.09867708,1.09867708,0.0,0.0,10,1
baseline,32,control,sigma_ratio,6651.34878869,6651.34878869,0.0,0.0,8,1
baseline,32,control,macro_gap,0.44322867,0.44322867,0.0,0.0,10,1
baseline,64,core,frob_from_rank1,1.02874061,1.02874061,0.0,0.0,10,0
baseline,64,core,sigma_ratio,0.03058844,0.03058844,0.0,0.0,9,0
baseline,64,core,macro_gap,0.48529242,0.48529242,0.0,0.0,10,0
baseline,128,core,frob_from_rank1,0.98354597,0.98354597,0.0,0.0,10,0
baseline,128,core,sigma_ratio,0.00438039,0.00438039,0.0,0.0,10,0
baseline,128,core,macro_gap,0.47817701,0.47817701,0.0,0.0,10,0
baseline,256,extended,frob_from_rank1,0.61128091,0.61128091,0.0,0.0,10,0
baseline,256,extended,sigma_ratio,0.00051937,0.00051937,0.0,0.0,10,0
baseline,256,extended,macro_gap,0.66520274,0.66520274,0.0,0.0,10,0
full_action,32,control,frob_from_rank1,1.3677266,1.09867708,0.26904952,0.93387852,10,1
full_action,32,control,macro_gap,0.39192166,0.44322867,-0.05130701,-0.46298959,10,1
full_action,64,core,frob_from_rank1,1.28542918,1.02874061,0.25668857,1.34425477,10,0
full_action,64,core,sigma_ratio,0.35959316,0.03058844,0.32900472,12.79948892,1,0
full_action,64,core,macro_gap,0.39469905,0.48529242,-0.09059337,-0.82478482,10,0
full_action,128,core,frob_from_rank1,1.10491855,0.98354597,0.12137258,0.83434997,10,0
full_action,128,core,sigma_ratio,0.1531918,0.00438039,0.14881141,33.58917441,10,0
full_action,128,core,macro_gap,0.36943112,0.47817701,-0.10874589,-2.00278478,10,0
full_action,256,extended,frob_from_rank1,1.13745712,0.61128091,0.52617621,28.02607826,10,0
full_action,256,extended,sigma_ratio,0.02992098,0.00051937,0.02940161,228.09279233,10,0
full_action,256,extended,macro_gap,0.37428183,0.66520274,-0.29092091,-12.83745191,10,0
full_all,32,control,frob_from_rank1,1.13378937,1.09867708,0.03511229,0.12187576,10,1
full_all,32,control,sigma_ratio,0.01045894,6651.34878869,-6651.33832976,-0.35356828,2,1
full_all,32,control,macro_gap,0.35096476,0.44322867,-0.09226391,-0.83258069,10,1
full_all,64,core,frob_from_rank1,1.10563367,1.02874061,0.07689306,0.40268199,10,0
full_all,64,core,sigma_ratio,0.47843137,0.03058844,0.44784293,17.42273064,2,0
full_all,64,core,macro_gap,0.39916104,0.48529242,-0.08613138,-0.78416174,10,0
full_all,128,core,frob_from_rank1,1.11520208,0.98354597,0.13165611,0.90504186,10,0
full_all,128,core,sigma_ratio,0.15361636,0.00438039,0.14923596,33.68500279,8,0
full_all,128,core,macro_gap,0.39080593,0.47817701,-0.08737108,-1.60912268,10,0
full_all,256,extended,frob_from_rank1,1.06503302,0.61128091,0.45375211,24.16850463,10,0
full_all,256,extended,sigma_ratio,0.05523607,0.00051937,0.05471669,424.48294481,10,0
full_all,256,extended,macro_gap,0.37867914,0.66520274,-0.2865236,-12.6434122,10,0
loo_A1,32,control,frob_from_rank1,1.3569143,1.09867708,0.25823722,0.89634872,10,1
loo_A1,32,control,macro_gap,0.39661315,0.44322867,-0.04661552,-0.42065402,10,1
loo_A1,64,core,frob_from_rank1,1.12503624,1.02874061,0.09629563,0.50429151,10,0
loo_A1,64,core,sigma_ratio,0.34708533,0.03058844,0.31649688,12.31288827,5,0
loo_A1,64,core,macro_gap,0.39674764,0.48529242,-0.08854478,-0.8061339,10,0
loo_A1,128,core,frob_from_rank1,1.06505142,0.98354597,0.08150545,0.56029187,10,0
loo_A1,128,core,sigma_ratio,0.13231007,0.00438039,0.12792967,28.87582382,8,0
loo_A1,128,core,macro_gap,0.38809979,0.47817701,-0.09007722,-1.65896181,10,0
loo_A11,32,control,frob_from_rank1,1.24794199,1.09867708,0.14926492,0.51810276,10,1
loo_A11,32,control,macro_gap,0.3986041,0.44322867,-0.04462457,-0.40268788,10,1
loo_A11,64,core,frob_from_rank1,1.08846432,1.02874061,0.05972371,0.31276766,10,0
loo_A11,64,core,sigma_ratio,0.39210018,0.03058844,0.36151173,14.06413088,4,0
loo_A11,64,core,macro_gap,0.40737704,0.48529242,-0.07791538,-0.70936122,10,0
loo_A11,128,core,frob_from_rank1,1.02879182,0.98354597,0.04524585,0.31103297,10,0
loo_A11,128,core,sigma_ratio,0.16879248,0.00438039,0.16441209,37.11050327,10,0
loo_A11,128,core,macro_gap,0.37926165,0.47817701,-0.09891536,-1.82173485,10,0
loo_A12,32,control,frob_from_rank1,1.43157478,1.09867708,0.33289771,1.15549739,10,1
loo_A12,32,control,macro_gap,0.35570918,0.44322867,-0.08751949,-0.78976752,10,1
loo_A12,64,core,frob_from_rank1,1.21779676,1.02874061,0.18905615,0.99006991,10,0
loo_A12,64,core,sigma_ratio,0.16606819,0.03058844,0.13547975,5.27065843,7,0
loo_A12,64,core,macro_gap,0.41016795,0.48529242,-0.07512447,-0.68395201,10,0
loo_A12,128,core,frob_from_rank1,1.17133306,0.98354597,0.18778709,1.29090233,10,0
loo_A12,128,core,sigma_ratio,0.06249375,0.00438039,0.05811335,13.11713661,10,0
loo_A12,128,core,macro_gap,0.39418826,0.47817701,-0.08398875,-1.54682992,10,0
loo_A13,32,control,frob_from_rank1,1.27495246,1.09867708,0.17627538,0.61185685,10,1
loo_A13,32,control,macro_gap,0.41543091,0.44322867,-0.02779775,-0.25084428,10,1
loo_A13,64,core,frob_from_rank1,1.29672993,1.02874061,0.26798932,1.40343577,10,0
loo_A13,64,core,sigma_ratio,0.48331596,0.03058844,0.45272752,17.61275909,3,0
loo_A13,64,core,macro_gap,0.39742286,0.48529242,-0.08786956,-0.79998653,10,0
loo_A13,128,core,frob_from_rank1,1.10107551,0.98354597,0.11752954,0.80793176,10,0
loo_A13,128,core,sigma_ratio,0.18260949,0.00438039,0.1782291,40.22922893,10,0
loo_A13,128,core,macro_gap,0.38632022,0.47817701,-0.09185679,-1.6917364,10,0
loo_A13,256,extended,frob_from_rank1,1.11724631,0.61128091,0.5059654,26.94957639,8,0
loo_A13,256,extended,sigma_ratio,0.06173413,0.00051937,0.06121476,474.89387021,8,0
loo_A13,256,extended,macro_gap,0.38598217,0.66520274,-0.27922058,-12.3211519,8,0
loo_A14,32,control,frob_from_rank1,1.34701021,1.09867708,0.24833313,0.86197136,10,1
loo_A14,32,control,macro_gap,0.39054076,0.44322867,-0.05268791,-0.4754507,10,1
loo_A14,64,core,frob_from_rank1,1.28653907,1.02874061,0.25779846,1.35006718,10,0
loo_A14,64,core,sigma_ratio,0.35959316,0.03058844,0.32900472,12.79948892,1,0
loo_A14,64,core,macro_gap,0.39465452,0.48529242,-0.0906379,-0.8251902,10,0
loo_A14,128,core,frob_from_rank1,1.07026292,0.98354597,0.08671695,0.59611718,10,0
loo_A14,128,core,sigma_ratio,0.19623059,0.00438039,0.1918502,43.30373449,10,0
loo_A14,128,core,macro_gap,0.37734739,0.47817701,-0.10082961,-1.85698992,10,0
loo_A14,256,extended,frob_from_rank1,1.14619117,0.61128091,0.53491025,28.49128577,8,0
loo_A14,256,extended,sigma_ratio,0.04471497,0.00051937,0.0441956,342.8620809,8,0
loo_A14,256,extended,macro_gap,0.37296796,0.66520274,-0.29223478,-12.89542915,8,0
loo_A17,32,control,frob_from_rank1,1.18232002,1.09867708,0.08364294,0.29032702,10,1
loo_A17,32,control,macro_gap,0.3957353,0.44322867,-0.04749337,-0.4285756,10,1
loo_A17,64,core,frob_from_rank1,1.24636913,1.02874061,0.21762852,1.13970085,10,0
loo_A17,64,core,sigma_ratio,0.35804861,0.03058844,0.32746017,12.73940026,2,0
loo_A17,64,core,macro_gap,0.39267449,0.48529242,-0.09261793,-0.84321691,10,0
loo_A17,128,core,frob_from_rank1,1.18204731,0.98354597,0.19850134,1.36455515,10,0
loo_A17,128,core,sigma_ratio,0.17552412,0.00438039,0.17114373,38.62994417,9,0
loo_A17,128,core,macro_gap,0.38567049,0.47817701,-0.09250651,-1.70370249,10,0
loo_A18,32,control,frob_from_rank1,1.45261322,1.09867708,0.35393615,1.22852242,10,1
loo_A18,32,control,sigma_ratio,0.0,6651.34878869,-6651.34878869,-0.35356883,1,1
loo_A18,32,control,macro_gap,0.35582772,0.44322867,-0.08740095,-0.78869781,10,1
loo_A18,64,core,frob_from_rank1,1.13907176,1.02874061,0.11033115,0.57779426,10,0
loo_A18,64,core,sigma_ratio,0.29210474,0.03058844,0.2615163,10.17394199,2,0
loo_A18,64,core,macro_gap,0.409179,0.48529242,-0.07611342,-0.69295566,10,0
loo_A18,128,core,frob_from_rank1,1.05771604,0.98354597,0.07417006,0.50986631,10,0
loo_A18,128,core,sigma_ratio,0.16314899,0.00438039,0.1587686,35.83667446,9,0
loo_A18,128,core,macro_gap,0.37811919,0.47817701,-0.10005782,-1.84277566,10,0
loo_A18,256,extended,frob_from_rank1,1.04278722,0.61128091,0.4315063,22.98361134,9,0
loo_A18,256,extended,sigma_ratio,0.04971059,0.00051937,0.04919122,381.61723105,9,0
loo_A18,256,extended,macro_gap,0.37508705,0.66520274,-0.29011569,-12.80192004,9,0
loo_A19,32,control,frob_from_rank1,1.32083546,1.09867708,0.22215839,0.77111807,10,1
loo_A19,32,control,macro_gap,0.40200713,0.44322867,-0.04122153,-0.37197919,10,1
loo_A19,64,core,frob_from_rank1,1.29583585,1.02874061,0.26709524,1.39875359,10,0
loo_A19,64,core,sigma_ratio,0.95180694,0.03058844,0.9212185,35.83877437,1,0
loo_A19,64,core,macro_gap,0.39693211,0.48529242,-0.08836031,-0.80445449,10,0
loo_A19,128,core,frob_from_rank1,1.09764731,0.98354597,0.11410134,0.78436533,10,0
loo_A19,128,core,sigma_ratio,0.22005466,0.00438039,0.21567426,48.68121654,10,0
loo_A19,128,core,macro_gap,0.38536554,0.47817701,-0.09281147,-1.70931881,10,0
loo_A19,256,extended,frob_from_rank1,1.15033484,0.61128091,0.53905393,28.71199314,9,0
loo_A19,256,extended,sigma_ratio,0.05675072,0.00051937,0.05623135,436.23341152,9,0
loo_A19,256,extended,macro_gap,0.38673673,0.66520274,-0.27846601,-12.28785528,9,0
loo_A2,32,control,frob_from_rank1,1.40842634,1.09867708,0.30974926,1.07514849,10,1
loo_A2,32,control,macro_gap,0.38854208,0.44322867,-0.05468659,-0.49348656,10,1
loo_A2,64,core,frob_from_rank1,1.15319256,1.02874061,0.12445195,0.6517436,10,0
loo_A2,64,core,sigma_ratio,0.41936967,0.03058844,0.38878122,15.12501384,2,0
loo_A2,64,core,macro_gap,0.39939977,0.48529242,-0.08589265,-0.78198825,10,0
loo_A2,128,core,frob_from_rank1,0.99441302,0.98354597,0.01086705,0.07470321,10,0
loo_A2,128,core,sigma_ratio,0.25554238,0.00438039,0.25116199,56.69137732,9,0
loo_A2,128,core,macro_gap,0.38309689,0.47817701,-0.09508012,-1.75110077,10,0
loo_A20,32,control,frob_from_rank1,1.26953317,1.09867708,0.17085609,0.59304635,10,1
loo_A20,32,control,macro_gap,0.41090299,0.44322867,-0.03232568,-0.29170387,10,1
loo_A20,64,core,frob_from_rank1,1.28451779,1.02874061,0.25577718,1.33948193,10,0
loo_A20,64,core,sigma_ratio,0.65643643,0.03058844,0.62584799,24.34777965,2,0
loo_A20,64,core,macro_gap,0.39768614,0.48529242,-0.08760628,-0.79758955,10,0
loo_A20,128,core,frob_from_rank1,1.07332519,0.98354597,0.08977922,0.61716815,10,0
loo_A20,128,core,sigma_ratio,0.16789089,0.00438039,0.1635105,36.90699956,9,0
loo_A20,128,core,macro_gap,0.37577599,0.47817701,-0.10240102,-1.88593068,10,0
loo_A21,32,control,frob_from_rank1,1.34129209,1.09867708,0.24261501,0.8421236,10,1
loo_A21,32,control,macro_gap,0.39140125,0.44322867,-0.05182742,-0.46768569,10,1
loo_A21,64,core,frob_from_rank1,1.25060546,1.02874061,0.22186485,1.1618861,10,0
loo_A21,64,core,sigma_ratio,0.2298889,0.03058844,0.19930046,7.75351796,2,0
loo_A21,64,core,macro_gap,0.38900781,0.48529242,-0.09628461,-0.8765993,10,0
loo_A21,128,core,frob_from_rank1,1.09942169,0.98354597,0.11587572,0.79656295,10,0
loo_A21,128,core,sigma_ratio,0.21036625,0.00438039,0.20598586,46.49438464,10,0
loo_A21,128,core,macro_gap,0.38242753,0.47817701,-0.09574948,-1.76342854,10,0
loo_A22,32,control,frob_from_rank1,1.34829067,1.09867708,0.24961359,0.86641587,10,1
loo_A22,32,control,macro_gap,0.3948407,0.44322867,-0.04838797,-0.43664845,10,1
loo_A22,64,core,frob_from_rank1,1.15756293,1.02874061,0.12882232,0.67463083,10,0
loo_A22,64,core,sigma_ratio,0.31181128,0.03058844,0.28122284,10.94059856,3,0
loo_A22,64,core,macro_gap,0.39636184,0.48529242,-0.08893058,-0.80964636,10,0
loo_A22,128,core,frob_from_rank1,1.10699691,0.98354597,0.12345094,0.84863716,10,0
loo_A22,128,core,sigma_ratio,0.11791759,0.00438039,0.11353719,25.62720528,10,0
loo_A22,128,core,macro_gap,0.37225332,0.47817701,-0.10592369,-1.95080811,10,0
loo_A23,32,control,frob_from_rank1,1.30862137,1.09867708,0.20994429,0.7287226,10,1
loo_A23,32,control,macro_gap,0.39758903,0.44322867,-0.04563963,-0.4118477,10,1
loo_A23,64,core,frob_from_rank1,1.20931145,1.02874061,0.18057084,0.94563311,10,0
loo_A23,64,core,sigma_ratio,0.54212857,0.03058844,0.51154012,19.90078477,3,0
loo_A23,64,core,macro_gap,0.38804177,0.48529242,-0.09725065,-0.88539432,10,0
loo_A23,128,core,frob_from_rank1,1.10491855,0.98354597,0.12137258,0.83434997,10,0
loo_A23,128,core,sigma_ratio,0.1531918,0.00438039,0.14881141,33.58917441,10,0
loo_A23,128,core,macro_gap,0.36943112,0.47817701,-0.10874589,-2.00278478,10,0
loo_A24,32,control,frob_from_rank1,1.28543054,1.09867708,0.18675346,0.64822656,10,1
loo_A24,32,control,macro_gap,0.36225007,0.44322867,-0.0809786,-0.73074316,10,1
loo_A24,64,core,frob_from_rank1,1.15764305,1.02874061,0.12890244,0.6750504,10,0
loo_A24,64,core,sigma_ratio,0.55676411,0.03058844,0.52617566,20.47016093,2,0
loo_A24,64,core,macro_gap,0.39613187,0.48529242,-0.08916055,-0.81174001,10,0
loo_A24,128,core,frob_from_rank1,0.96506674,0.98354597,-0.01847923,-0.12703154,10,0
loo_A24,128,core,sigma_ratio,0.19514811,0.00438039,0.19076771,43.05939949,10,0
loo_A24,128,core,macro_gap,0.38157097,0.47817701,-0.09660604,-1.77920388,10,0
loo_A25,32,control,frob_from_rank1,1.16948738,1.09867708,0.07081031,0.24578459,10,1
loo_A25,32,control,macro_gap,0.41476518,0.44322867,-0.02846349,-0.25685181,10,1
loo_A25,64,core,frob_from_rank1,1.21610134,1.02874061,0.18736073,0.98119119,10,0
loo_A25,64,core,sigma_ratio,0.42614858,0.03058844,0.39556014,15.38873845,1,0
loo_A25,64,core,macro_gap,0.39318055,0.48529242,-0.09211187,-0.83860963,10,0
loo_A25,128,core,frob_from_rank1,1.16571717,0.98354597,0.1821712,1.25229712,10,0
loo_A25,128,core,sigma_ratio,0.18410335,0.00438039,0.17972296,40.56641813,10,0
loo_A25,128,core,macro_gap,0.39584741,0.47817701,-0.0823296,-1.51627309,10,0
loo_A3,32,control,frob_from_rank1,1.20645413,1.09867708,0.10777705,0.37409721,10,1
loo_A3,32,control,macro_gap,0.43416871,0.44322867,-0.00905996,-0.08175617,10,1
loo_A3,64,core,frob_from_rank1,1.30731265,1.02874061,0.27857204,1.45885655,10,0
loo_A3,64,core,macro_gap,0.39392073,0.48529242,-0.09137169,-0.83187081,10,0
loo_A3,128,core,frob_from_rank1,1.05157826,0.98354597,0.06803229,0.46767348,10,0
loo_A3,128,core,sigma_ratio,0.0584497,0.00438039,0.05406931,12.20432912,8,0
loo_A3,128,core,macro_gap,0.41571922,0.47817701,-0.06245779,-1.15029181,10,0
loo_A4,32,control,frob_from_rank1,1.42495397,1.09867708,0.32627689,1.13251636,10,1
loo_A4,32,control,sigma_ratio,0.0,6651.34878869,-6651.34878869,-0.35356883,2,1
loo_A4,32,control,macro_gap,0.32463969,0.44322867,-0.11858898,-1.07013564,10,1
loo_A4,64,core,frob_from_rank1,1.16169275,1.02874061,0.13295215,0.69625834,10,0
loo_A4,64,core,sigma_ratio,0.61310729,0.03058844,0.58251885,22.66211721,3,0
loo_A4,64,core,macro_gap,0.39737149,0.48529242,-0.08792093,-0.80045427,10,0
loo_A4,128,core,frob_from_rank1,0.95782398,0.98354597,-0.02572199,-0.17682033,10,0
loo_A4,128,core,sigma_ratio,0.22768335,0.00438039,0.22330296,50.40313822,10,0
loo_A4,128,core,macro_gap,0.39082705,0.47817701,-0.08734996,-1.60873364,10,0
loo_A5,32,control,frob_from_rank1,1.35641224,1.09867708,0.25773516,0.89460606,10,1
loo_A5,32,control,macro_gap,0.3900939,0.44322867,-0.05313477,-0.47948309,10,1
loo_A5,64,core,frob_from_rank1,1.24998291,1.02874061,0.2212423,1.15862589,10,0
loo_A5,64,core,sigma_ratio,0.566213,0.03058844,0.53562456,20.83775769,2,0
loo_A5,64,core,macro_gap,0.39548445,0.48529242,-0.08980797,-0.81763434,10,0
loo_A5,128,core,frob_from_rank1,1.04756443,0.98354597,0.06401846,0.44008126,10,0
loo_A5,128,core,sigma_ratio,0.33375873,0.00438039,0.32937834,74.34609033,10,0
loo_A5,128,core,macro_gap,0.39684283,0.47817701,-0.08133418,-1.49794032,10,0
loo_A6,32,control,frob_from_rank1,1.19087772,1.09867708,0.09220064,0.32003105,10,1
loo_A6,32,control,macro_gap,0.39917034,0.44322867,-0.04405833,-0.39757814,10,1
loo_A6,64,core,frob_from_rank1,1.18005475,1.02874061,0.15131414,0.79241846,10,0
loo_A6,64,core,sigma_ratio,0.21270157,0.03058844,0.18211312,7.08486771,1,0
loo_A6,64,core,macro_gap,0.40909085,0.48529242,-0.07620157,-0.69375821,10,0
loo_A6,128,core,frob_from_rank1,1.00481007,0.98354597,0.0212641,0.1461755,10,0
loo_A6,128,core,sigma_ratio,0.18369133,0.00438039,0.17931094,40.47341849,9,0
loo_A6,128,core,macro_gap,0.40091758,0.47817701,-0.07725943,-1.42289528,10,0
loo_A7,32,control,frob_from_rank1,1.26564709,1.09867708,0.16697001,0.57955765,10,1
loo_A7,32,control,macro_gap,0.39211857,0.44322867,-0.0511101,-0.4612127,10,1
loo_A7,64,core,frob_from_rank1,1.33108376,1.02874061,0.30234315,1.58334367,10,0
loo_A7,64,core,macro_gap,0.39521804,0.48529242,-0.09007438,-0.82005974,10,0
loo_A7,128,core,frob_from_rank1,1.08433718,0.98354597,0.10079121,0.69286769,10,0
loo_A7,128,core,sigma_ratio,0.18254921,0.00438039,0.17816882,40.21562205,10,0
loo_A7,128,core,macro_gap,0.38393298,0.47817701,-0.09424403,-1.73570256,10,0
loo_A8,32,control,frob_from_rank1,1.51456898,1.09867708,0.4158919,1.4435726,10,1
loo_A8,32,control,sigma_ratio,0.0,6651.34878869,-6651.34878869,-0.35356883,1,1
loo_A8,32,control,macro_gap,0.39767366,0.44322867,-0.04555501,-0.41108402,10,1
loo_A8,64,core,frob_from_rank1,1.09988817,1.02874061,0.07114756,0.37259333,10,0
loo_A8,64,core,macro_gap,0.43076269,0.48529242,-0.05452973,-0.4964524,10,0
loo_A8,128,core,frob_from_rank1,1.21715409,0.98354597,0.23360812,1.60588926,10,0
loo_A8,128,core,sigma_ratio,0.17448223,0.00438039,0.17010184,38.39477305,10,0
loo_A8,128,core,macro_gap,0.36463998,0.47817701,-0.11353703,-2.09102376,10,0
loo_A9,32,control,frob_from_rank1,1.40136776,1.09867708,0.30269068,1.05064794,10,1
loo_A9,32,control,macro_gap,0.39399001,0.44322867,-0.04923866,-0.44432497,10,1
loo_A9,64,core,frob_from_rank1,1.11972065,1.02874061,0.09098004,0.47645422,10,0
loo_A9,64,core,sigma_ratio,0.35669882,0.03058844,0.32611038,12.68688852,4,0
loo_A9,64,core,macro_gap,0.38906189,0.48529242,-0.09623053,-0.87610695,10,0
loo_A9,128,core,frob_from_rank1,1.06142321,0.98354597,0.07787724,0.53535047,10,0
loo_A9,128,core,sigma_ratio,0.15140862,0.00438039,0.14702823,33.18668094,10,0
loo_A9,128,core,macro_gap,0.37529084,0.47817701,-0.10288617,-1.89486565,10,0
