model_id,model_kind,slice,program_id,benchmark_stability,cost_stability,tie_sensitivity,instability_total,candidate_pool_size,delta_vs_baseline
C3,chain,all_monotone_inflationary,baseline_raw,0.263542,0.059375,0.4375,0.760417,5,0.0
C3,chain,all_monotone_inflationary,packaging_core,0.270833,0.0,0.25,0.520833,4,-0.239583
C3,chain,all_monotone_inflationary,accounting_core,0.333333,0.0,0.0,0.333333,3,-0.427083
C3,chain,all_monotone_inflationary,lens_protocol_core,0.25,0.0,0.0,0.25,5,-0.510417
C3,chain,all_monotone_inflationary,combined_core,0.333333,0.0,0.0,0.333333,3,-0.427083
C3,chain,all_monotone_inflationary,combined_minus_pkg_rewrite,0.333333,0.0,0.0,0.333333,3,-0.427083
C3,chain,all_monotone_inflationary,combined_minus_pkg_gate,0.333333,0.0,0.0,0.333333,3,-0.427083
C3,chain,all_monotone_inflationary,combined_minus_acct_gate,0.25,0.0,0.0,0.25,4,-0.510417
C3,chain,all_monotone_inflationary,combined_minus_lens_protocol,0.333333,0.0,0.0,0.333333,3,-0.427083
C3,chain,all_monotone_inflationary,combined_minus_acct_tie_protocol,0.361111,0.0,0.25,0.611111,3,-0.149306
C3,chain,all_monotone_inflationary,combined_minus_pkg_mode_from_acct,0.333333,0.0,0.0,0.333333,3,-0.427083
C3,chain,all_monotone_inflationary,chain_step_fallback,0.25,0.0,0.0,0.25,5,-0.510417
C3,chain,bounded_lift_le_1,baseline_raw,0.270833,0.0,0.25,0.520833,4,0.0
C3,chain,bounded_lift_le_1,packaging_core,0.270833,0.0,0.25,0.520833,4,0.0
C3,chain,bounded_lift_le_1,accounting_core,0.333333,0.0,0.0,0.333333,3,-0.1875
C3,chain,bounded_lift_le_1,lens_protocol_core,0.25,0.0,0.0,0.25,4,-0.270833
C3,chain,bounded_lift_le_1,combined_core,0.333333,0.0,0.0,0.333333,3,-0.1875
C3,chain,bounded_lift_le_1,combined_minus_pkg_rewrite,0.333333,0.0,0.0,0.333333,3,-0.1875
C3,chain,bounded_lift_le_1,combined_minus_pkg_gate,0.333333,0.0,0.0,0.333333,3,-0.1875
C3,chain,bounded_lift_le_1,combined_minus_acct_gate,0.25,0.0,0.0,0.25,4,-0.270833
C3,chain,bounded_lift_le_1,combined_minus_lens_protocol,0.333333,0.0,0.0,0.333333,3,-0.1875
C3,chain,bounded_lift_le_1,combined_minus_acct_tie_protocol,0.361111,0.0,0.25,0.611111,3,0.090278
C3,chain,bounded_lift_le_1,combined_minus_pkg_mode_from_acct,0.333333,0.0,0.0,0.333333,3,-0.1875
C3,chain,bounded_lift_le_1,chain_step_fallback,0.25,0.0,0.0,0.25,4,-0.270833
C3,chain,chain_step_family,baseline_raw,0.0,0.083333,0.25,0.333333,3,0.0
C3,chain,chain_step_family,packaging_core,0.0,0.0,0.0,0.0,2,-0.333333
C3,chain,chain_step_family,accounting_core,0.0,0.0,0.0,0.0,1,-0.333333
C3,chain,chain_step_family,lens_protocol_core,0.0,0.0,0.0,0.0,3,-0.333333
C3,chain,chain_step_family,combined_core,0.0,0.0,0.0,0.0,1,-0.333333
C3,chain,chain_step_family,combined_minus_pkg_rewrite,0.0,0.0,0.0,0.0,1,-0.333333
C3,chain,chain_step_family,combined_minus_pkg_gate,0.0,0.0,0.0,0.0,1,-0.333333
C3,chain,chain_step_family,combined_minus_acct_gate,0.0,0.0,0.0,0.0,2,-0.333333
C3,chain,chain_step_family,combined_minus_lens_protocol,0.0,0.0,0.0,0.0,1,-0.333333
C3,chain,chain_step_family,combined_minus_acct_tie_protocol,0.0,0.0,0.0,0.0,1,-0.333333
C3,chain,chain_step_family,combined_minus_pkg_mode_from_acct,0.0,0.0,0.0,0.0,1,-0.333333
C3,chain,chain_step_family,chain_step_fallback,0.0,0.0,0.0,0.0,3,-0.333333
C4,chain,all_monotone_inflationary,baseline_raw,0.395965,0.12748,0.625,1.148445,14,0.0
C4,chain,all_monotone_inflationary,packaging_core,0.38755,0.113542,0.5,1.001091,8,-0.147354
C4,chain,all_monotone_inflationary,accounting_core,0.4,0.0,0.0,0.4,9,-0.748445
C4,chain,all_monotone_inflationary,lens_protocol_core,0.333333,0.0,0.0,0.333333,14,-0.815112
C4,chain,all_monotone_inflationary,combined_core,0.404167,0.15625,0.0,0.560417,7,-0.588028
C4,chain,all_monotone_inflationary,combined_minus_pkg_rewrite,0.4,0.0,0.0,0.4,9,-0.748445
C4,chain,all_monotone_inflationary,combined_minus_pkg_gate,0.404167,0.15625,0.0,0.560417,7,-0.588028
C4,chain,all_monotone_inflationary,combined_minus_acct_gate,0.33869,0.125,0.0,0.46369,8,-0.684755
C4,chain,all_monotone_inflationary,combined_minus_lens_protocol,0.404167,0.15625,0.0,0.560417,7,-0.588028
C4,chain,all_monotone_inflationary,combined_minus_acct_tie_protocol,0.4562,0.139732,0.5,1.095933,7,-0.052513
C4,chain,all_monotone_inflationary,combined_minus_pkg_mode_from_acct,0.404167,0.15625,0.0,0.560417,7,-0.588028
C4,chain,all_monotone_inflationary,chain_step_fallback,0.333333,0.0,0.0,0.333333,14,-0.815112
C4,chain,bounded_lift_le_1,baseline_raw,0.412996,0.0,0.5,0.912996,8,0.0
C4,chain,bounded_lift_le_1,packaging_core,0.38755,0.113542,0.5,1.001091,8,0.088095
C4,chain,bounded_lift_le_1,accounting_core,0.4,0.0,0.0,0.4,7,-0.512996
C4,chain,bounded_lift_le_1,lens_protocol_core,0.333333,0.0,0.0,0.333333,8,-0.579663
C4,chain,bounded_lift_le_1,combined_core,0.404167,0.15625,0.0,0.560417,7,-0.352579
C4,chain,bounded_lift_le_1,combined_minus_pkg_rewrite,0.4,0.0,0.0,0.4,7,-0.512996
C4,chain,bounded_lift_le_1,combined_minus_pkg_gate,0.404167,0.15625,0.0,0.560417,7,-0.352579
C4,chain,bounded_lift_le_1,combined_minus_acct_gate,0.33869,0.125,0.0,0.46369,8,-0.449306
C4,chain,bounded_lift_le_1,combined_minus_lens_protocol,0.404167,0.15625,0.0,0.560417,7,-0.352579
C4,chain,bounded_lift_le_1,combined_minus_acct_tie_protocol,0.4562,0.139732,0.5,1.095933,7,0.182937
C4,chain,bounded_lift_le_1,combined_minus_pkg_mode_from_acct,0.404167,0.15625,0.0,0.560417,7,-0.352579
C4,chain,bounded_lift_le_1,chain_step_fallback,0.333333,0.0,0.0,0.333333,8,-0.579663
C4,chain,chain_step_family,baseline_raw,0.0,0.125,0.25,0.375,4,0.0
C4,chain,chain_step_family,packaging_core,0.0,0.0,0.0,0.0,2,-0.375
C4,chain,chain_step_family,accounting_core,0.0,0.0,0.0,0.0,1,-0.375
C4,chain,chain_step_family,lens_protocol_core,0.0,0.0,0.0,0.0,4,-0.375
C4,chain,chain_step_family,combined_core,0.0,0.0,0.0,0.0,1,-0.375
C4,chain,chain_step_family,combined_minus_pkg_rewrite,0.0,0.0,0.0,0.0,1,-0.375
C4,chain,chain_step_family,combined_minus_pkg_gate,0.0,0.0,0.0,0.0,1,-0.375
C4,chain,chain_step_family,combined_minus_acct_gate,0.0,0.0,0.0,0.0,2,-0.375
C4,chain,chain_step_family,combined_minus_lens_protocol,0.0,0.0,0.0,0.0,1,-0.375
C4,chain,chain_step_family,combined_minus_acct_tie_protocol,0.0,0.0,0.0,0.0,1,-0.375
C4,chain,chain_step_family,combined_minus_pkg_mode_from_acct,0.0,0.0,0.0,0.0,1,-0.375
C4,chain,chain_step_family,chain_step_fallback,0.0,0.0,0.0,0.0,4,-0.375
C5,chain,all_monotone_inflationary,baseline_raw,0.542931,0.184017,0.625,1.351947,42,0.0
C5,chain,all_monotone_inflationary,packaging_core,0.625337,0.160156,0.5,1.285494,16,-0.066454
C5,chain,all_monotone_inflationary,accounting_core,0.566667,0.0,0.0,0.566667,14,-0.78528
C5,chain,all_monotone_inflationary,lens_protocol_core,0.486111,0.0,0.0,0.486111,42,-0.865836
C5,chain,all_monotone_inflationary,combined_core,0.65506,0.15625,0.0,0.81131,11,-0.540638
C5,chain,all_monotone_inflationary,combined_minus_pkg_rewrite,0.566667,0.0,0.0,0.566667,14,-0.78528
C5,chain,all_monotone_inflationary,combined_minus_pkg_gate,0.65506,0.15625,0.0,0.81131,11,-0.540638
C5,chain,all_monotone_inflationary,combined_minus_acct_gate,0.591207,0.178571,0.0,0.769778,16,-0.582169
C5,chain,all_monotone_inflationary,combined_minus_lens_protocol,0.65506,0.15625,0.0,0.81131,11,-0.540638
C5,chain,all_monotone_inflationary,combined_minus_acct_tie_protocol,0.687559,0.13892,0.5,1.326479,11,-0.025468
C5,chain,all_monotone_inflationary,combined_minus_pkg_mode_from_acct,0.65506,0.15625,0.0,0.81131,11,-0.540638
C5,chain,all_monotone_inflationary,chain_step_fallback,0.486111,0.0,0.0,0.486111,42,-0.865836
C5,chain,bounded_lift_le_1,baseline_raw,0.572751,0.0,0.5,1.072751,16,0.0
C5,chain,bounded_lift_le_1,packaging_core,0.625337,0.160156,0.5,1.285494,16,0.212742
C5,chain,bounded_lift_le_1,accounting_core,0.566667,0.0,0.0,0.566667,11,-0.506085
C5,chain,bounded_lift_le_1,lens_protocol_core,0.486111,0.0,0.0,0.486111,16,-0.58664
C5,chain,bounded_lift_le_1,combined_core,0.65506,0.15625,0.0,0.81131,11,-0.261442
C5,chain,bounded_lift_le_1,combined_minus_pkg_rewrite,0.566667,0.0,0.0,0.566667,11,-0.506085
C5,chain,bounded_lift_le_1,combined_minus_pkg_gate,0.65506,0.15625,0.0,0.81131,11,-0.261442
C5,chain,bounded_lift_le_1,combined_minus_acct_gate,0.591207,0.178571,0.0,0.769778,16,-0.302973
C5,chain,bounded_lift_le_1,combined_minus_lens_protocol,0.65506,0.15625,0.0,0.81131,11,-0.261442
C5,chain,bounded_lift_le_1,combined_minus_acct_tie_protocol,0.687559,0.13892,0.5,1.326479,11,0.253728
C5,chain,bounded_lift_le_1,combined_minus_pkg_mode_from_acct,0.65506,0.15625,0.0,0.81131,11,-0.261442
C5,chain,bounded_lift_le_1,chain_step_fallback,0.486111,0.0,0.0,0.486111,16,-0.58664
C5,chain,chain_step_family,baseline_raw,0.0,0.15,0.25,0.4,5,0.0
C5,chain,chain_step_family,packaging_core,0.0,0.0,0.0,0.0,2,-0.4
C5,chain,chain_step_family,accounting_core,0.0,0.0,0.0,0.0,1,-0.4
C5,chain,chain_step_family,lens_protocol_core,0.0,0.0,0.0,0.0,5,-0.4
C5,chain,chain_step_family,combined_core,0.0,0.0,0.0,0.0,1,-0.4
C5,chain,chain_step_family,combined_minus_pkg_rewrite,0.0,0.0,0.0,0.0,1,-0.4
C5,chain,chain_step_family,combined_minus_pkg_gate,0.0,0.0,0.0,0.0,1,-0.4
C5,chain,chain_step_family,combined_minus_acct_gate,0.0,0.0,0.0,0.0,2,-0.4
C5,chain,chain_step_family,combined_minus_lens_protocol,0.0,0.0,0.0,0.0,1,-0.4
C5,chain,chain_step_family,combined_minus_acct_tie_protocol,0.0,0.0,0.0,0.0,1,-0.4
C5,chain,chain_step_family,combined_minus_pkg_mode_from_acct,0.0,0.0,0.0,0.0,1,-0.4
C5,chain,chain_step_family,chain_step_fallback,0.0,0.0,0.0,0.0,5,-0.4
C6,chain,all_monotone_inflationary,baseline_raw,0.627246,0.216268,0.625,1.468514,132,0.0
C6,chain,all_monotone_inflationary,packaging_core,0.66265,0.283609,0.6875,1.633759,32,0.165245
C6,chain,all_monotone_inflationary,accounting_core,0.650794,0.0,0.0,0.650794,48,-0.81772
C6,chain,all_monotone_inflationary,lens_protocol_core,0.566667,0.0,0.0,0.566667,132,-0.901847
C6,chain,all_monotone_inflationary,combined_core,0.696275,0.267857,0.0,0.964132,26,-0.504382
C6,chain,all_monotone_inflationary,combined_minus_pkg_rewrite,0.650794,0.0,0.0,0.650794,39,-0.81772
C6,chain,all_monotone_inflationary,combined_minus_pkg_gate,0.696275,0.267857,0.0,0.964132,26,-0.504382
C6,chain,all_monotone_inflationary,combined_minus_acct_gate,0.638841,0.284091,0.0,0.922932,32,-0.545582
C6,chain,all_monotone_inflationary,combined_minus_lens_protocol,0.696275,0.267857,0.0,0.964132,26,-0.504382
C6,chain,all_monotone_inflationary,combined_minus_acct_tie_protocol,0.728879,0.258929,0.6875,1.675307,26,0.206793
C6,chain,all_monotone_inflationary,combined_minus_pkg_mode_from_acct,0.696275,0.267857,0.0,0.964132,26,-0.504382
C6,chain,all_monotone_inflationary,chain_step_fallback,0.566667,0.0,0.0,0.566667,132,-0.901847
C6,chain,bounded_lift_le_1,baseline_raw,0.667361,0.0,0.5,1.167361,32,0.0
C6,chain,bounded_lift_le_1,packaging_core,0.66265,0.283609,0.6875,1.633759,32,0.466398
C6,chain,bounded_lift_le_1,accounting_core,0.650794,0.0,0.0,0.650794,26,-0.516567
C6,chain,bounded_lift_le_1,lens_protocol_core,0.566667,0.0,0.0,0.566667,32,-0.600694
C6,chain,bounded_lift_le_1,combined_core,0.696275,0.267857,0.0,0.964132,26,-0.203229
C6,chain,bounded_lift_le_1,combined_minus_pkg_rewrite,0.650794,0.0,0.0,0.650794,26,-0.516567
C6,chain,bounded_lift_le_1,combined_minus_pkg_gate,0.696275,0.267857,0.0,0.964132,26,-0.203229
C6,chain,bounded_lift_le_1,combined_minus_acct_gate,0.638841,0.284091,0.0,0.922932,32,-0.244429
C6,chain,bounded_lift_le_1,combined_minus_lens_protocol,0.696275,0.267857,0.0,0.964132,26,-0.203229
C6,chain,bounded_lift_le_1,combined_minus_acct_tie_protocol,0.728879,0.258929,0.6875,1.675307,26,0.507946
C6,chain,bounded_lift_le_1,combined_minus_pkg_mode_from_acct,0.696275,0.267857,0.0,0.964132,26,-0.203229
C6,chain,bounded_lift_le_1,chain_step_fallback,0.566667,0.0,0.0,0.566667,32,-0.600694
C6,chain,chain_step_family,baseline_raw,0.0,0.166667,0.25,0.416667,6,0.0
C6,chain,chain_step_family,packaging_core,0.0,0.0,0.0,0.0,2,-0.416667
C6,chain,chain_step_family,accounting_core,0.0,0.0,0.0,0.0,1,-0.416667
C6,chain,chain_step_family,lens_protocol_core,0.0,0.0,0.0,0.0,6,-0.416667
C6,chain,chain_step_family,combined_core,0.0,0.0,0.0,0.0,1,-0.416667
C6,chain,chain_step_family,combined_minus_pkg_rewrite,0.0,0.0,0.0,0.0,1,-0.416667
C6,chain,chain_step_family,combined_minus_pkg_gate,0.0,0.0,0.0,0.0,1,-0.416667
C6,chain,chain_step_family,combined_minus_acct_gate,0.0,0.0,0.0,0.0,2,-0.416667
C6,chain,chain_step_family,combined_minus_lens_protocol,0.0,0.0,0.0,0.0,1,-0.416667
C6,chain,chain_step_family,combined_minus_acct_tie_protocol,0.0,0.0,0.0,0.0,1,-0.416667
C6,chain,chain_step_family,combined_minus_pkg_mode_from_acct,0.0,0.0,0.0,0.0,1,-0.416667
C6,chain,chain_step_family,chain_step_fallback,0.0,0.0,0.0,0.0,6,-0.416667
B1,boolean,all_monotone_inflationary,baseline_raw,0.0,0.0,0.0,0.0,2,0.0
B1,boolean,all_monotone_inflationary,packaging_core,0.0,0.0,0.0,0.0,2,0.0
B1,boolean,all_monotone_inflationary,accounting_core,0.0,0.0,0.0,0.0,2,0.0
B1,boolean,all_monotone_inflationary,lens_protocol_core,0.0,0.0,0.0,0.0,2,0.0
B1,boolean,all_monotone_inflationary,combined_core,0.0,0.0,0.0,0.0,2,0.0
B1,boolean,all_monotone_inflationary,combined_minus_pkg_rewrite,0.0,0.0,0.0,0.0,2,0.0
B1,boolean,all_monotone_inflationary,combined_minus_pkg_gate,0.0,0.0,0.0,0.0,2,0.0
B1,boolean,all_monotone_inflationary,combined_minus_acct_gate,0.0,0.0,0.0,0.0,2,0.0
B1,boolean,all_monotone_inflationary,combined_minus_lens_protocol,0.0,0.0,0.0,0.0,2,0.0
B1,boolean,all_monotone_inflationary,combined_minus_acct_tie_protocol,0.0,0.0,0.0,0.0,2,0.0
B1,boolean,all_monotone_inflationary,combined_minus_pkg_mode_from_acct,0.0,0.0,0.0,0.0,2,0.0
B1,boolean,bounded_lift_le_1,baseline_raw,0.0,0.0,0.0,0.0,2,0.0
B1,boolean,bounded_lift_le_1,packaging_core,0.0,0.0,0.0,0.0,2,0.0
B1,boolean,bounded_lift_le_1,accounting_core,0.0,0.0,0.0,0.0,2,0.0
B1,boolean,bounded_lift_le_1,lens_protocol_core,0.0,0.0,0.0,0.0,2,0.0
B1,boolean,bounded_lift_le_1,combined_core,0.0,0.0,0.0,0.0,2,0.0
B1,boolean,bounded_lift_le_1,combined_minus_pkg_rewrite,0.0,0.0,0.0,0.0,2,0.0
B1,boolean,bounded_lift_le_1,combined_minus_pkg_gate,0.0,0.0,0.0,0.0,2,0.0
B1,boolean,bounded_lift_le_1,combined_minus_acct_gate,0.0,0.0,0.0,0.0,2,0.0
B1,boolean,bounded_lift_le_1,combined_minus_lens_protocol,0.0,0.0,0.0,0.0,2,0.0
B1,boolean,bounded_lift_le_1,combined_minus_acct_tie_protocol,0.0,0.0,0.0,0.0,2,0.0
B1,boolean,bounded_lift_le_1,combined_minus_pkg_mode_from_acct,0.0,0.0,0.0,0.0,2,0.0
B2,boolean,all_monotone_inflationary,baseline_raw,0.2114,0.032614,1.0,1.244015,9,0.0
B2,boolean,all_monotone_inflationary,packaging_core,0.277778,0.0,1.0,1.277778,6,0.033763
B2,boolean,all_monotone_inflationary,accounting_core,0.25,0.0,0.0,0.25,6,-0.994015
B2,boolean,all_monotone_inflationary,lens_protocol_core,0.2,0.0,0.0,0.2,9,-1.044015
B2,boolean,all_monotone_inflationary,combined_core,0.25,0.0,0.0,0.25,6,-0.994015
B2,boolean,all_monotone_inflationary,combined_minus_pkg_rewrite,0.25,0.0,0.0,0.25,6,-0.994015
B2,boolean,all_monotone_inflationary,combined_minus_pkg_gate,0.25,0.0,0.0,0.25,6,-0.994015
B2,boolean,all_monotone_inflationary,combined_minus_acct_gate,0.25,0.0,0.0,0.25,6,-0.994015
B2,boolean,all_monotone_inflationary,combined_minus_lens_protocol,0.25,0.0,0.0,0.25,6,-0.994015
B2,boolean,all_monotone_inflationary,combined_minus_acct_tie_protocol,0.270833,0.0,0.25,0.520833,6,-0.723181
B2,boolean,all_monotone_inflationary,combined_minus_pkg_mode_from_acct,0.25,0.0,0.0,0.25,6,-0.994015
B2,boolean,bounded_lift_le_1,baseline_raw,0.214583,0.0,1.0,1.214583,8,0.0
B2,boolean,bounded_lift_le_1,packaging_core,0.277778,0.0,1.0,1.277778,6,0.063194
B2,boolean,bounded_lift_le_1,accounting_core,0.25,0.0,0.0,0.25,6,-0.964583
B2,boolean,bounded_lift_le_1,lens_protocol_core,0.2,0.0,0.0,0.2,8,-1.014583
B2,boolean,bounded_lift_le_1,combined_core,0.25,0.0,0.0,0.25,6,-0.964583
B2,boolean,bounded_lift_le_1,combined_minus_pkg_rewrite,0.25,0.0,0.0,0.25,6,-0.964583
B2,boolean,bounded_lift_le_1,combined_minus_pkg_gate,0.25,0.0,0.0,0.25,6,-0.964583
B2,boolean,bounded_lift_le_1,combined_minus_acct_gate,0.25,0.0,0.0,0.25,6,-0.964583
B2,boolean,bounded_lift_le_1,combined_minus_lens_protocol,0.25,0.0,0.0,0.25,6,-0.964583
B2,boolean,bounded_lift_le_1,combined_minus_acct_tie_protocol,0.270833,0.0,0.25,0.520833,6,-0.69375
B2,boolean,bounded_lift_le_1,combined_minus_pkg_mode_from_acct,0.25,0.0,0.0,0.25,6,-0.964583
B3,boolean,all_monotone_inflationary,baseline_raw,0.477438,0.14768,1.0,1.625118,216,0.0
B3,boolean,all_monotone_inflationary,packaging_core,0.448096,0.0,1.0,1.448096,29,-0.177022
B3,boolean,all_monotone_inflationary,accounting_core,0.375,0.0,0.0,0.375,65,-1.250118
B3,boolean,all_monotone_inflationary,lens_protocol_core,0.384615,0.0,0.0,0.384615,216,-1.240502
B3,boolean,all_monotone_inflationary,combined_core,0.375,0.0,0.0,0.375,29,-1.250118
B3,boolean,all_monotone_inflationary,combined_minus_pkg_rewrite,0.375,0.0,0.0,0.375,29,-1.250118
B3,boolean,all_monotone_inflationary,combined_minus_pkg_gate,0.420139,0.104167,0.0,0.524306,41,-1.100812
B3,boolean,all_monotone_inflationary,combined_minus_acct_gate,0.375,0.0,0.0,0.375,29,-1.250118
B3,boolean,all_monotone_inflationary,combined_minus_lens_protocol,0.375,0.0,0.0,0.375,29,-1.250118
B3,boolean,all_monotone_inflationary,combined_minus_acct_tie_protocol,0.41088,0.0,0.5,0.91088,29,-0.714238
B3,boolean,all_monotone_inflationary,combined_minus_pkg_mode_from_acct,0.420139,0.104167,0.0,0.524306,41,-1.100812
B3,boolean,bounded_lift_le_1,baseline_raw,0.492313,0.0,1.0,1.492313,100,0.0
B3,boolean,bounded_lift_le_1,packaging_core,0.448096,0.0,1.0,1.448096,29,-0.044218
B3,boolean,bounded_lift_le_1,accounting_core,0.375,0.0,0.0,0.375,53,-1.117313
B3,boolean,bounded_lift_le_1,lens_protocol_core,0.384615,0.0,0.0,0.384615,100,-1.107698
B3,boolean,bounded_lift_le_1,combined_core,0.375,0.0,0.0,0.375,29,-1.117313
B3,boolean,bounded_lift_le_1,combined_minus_pkg_rewrite,0.375,0.0,0.0,0.375,29,-1.117313
B3,boolean,bounded_lift_le_1,combined_minus_pkg_gate,0.420139,0.104167,0.0,0.524306,41,-0.968008
B3,boolean,bounded_lift_le_1,combined_minus_acct_gate,0.375,0.0,0.0,0.375,29,-1.117313
B3,boolean,bounded_lift_le_1,combined_minus_lens_protocol,0.375,0.0,0.0,0.375,29,-1.117313
B3,boolean,bounded_lift_le_1,combined_minus_acct_tie_protocol,0.41088,0.0,0.5,0.91088,29,-0.581434
B3,boolean,bounded_lift_le_1,combined_minus_pkg_mode_from_acct,0.420139,0.104167,0.0,0.524306,41,-0.968008
