program_id,cell_count,raw_instability,quotient_instability,tie_policy_sensitivity,candidate_pool_ratio_vs_baseline,interaction_gain,flag_tie_suppression_artifact,flag_quotient_only_improvement,flag_hard_coded_packaging_choice,flag_excessive_pruning_collapse,survives_all_artifact_flags
accounting_core,3,0.35526772,0.35013067,0.18840267,0.62779439,-0.00567289,True,False,False,False,False
baseline_raw,0,0.35787739,0.35661756,0.23325972,1.0,0.0,False,False,False,False,True
chain_step_fallback,1,0.40548033,0.40548033,0.20298783,1.0,0.0,True,False,False,False,False
combined_core,6,0.38534406,0.38534406,0.11168044,0.51813256,-0.02798261,True,False,False,False,False
lens_protocol_core,2,0.35661756,0.35661756,0.19038606,0.87517489,0.0,True,False,False,False,False
packaging_core,3,0.35632172,0.34981083,0.139827,0.67385472,0.02098178,True,False,False,False,False
pair__cell_acct_gate__cell_acct_tie_protocol,2,0.3512705,0.34613344,0.186727,0.57013439,0.0,False,False,False,False,True
pair__cell_acct_gate__cell_lens_protocol,2,0.34613344,0.34613344,0.14423378,0.50907467,0.05663661,True,False,False,False,False
pair__cell_acct_gate__cell_pkg_gate,2,0.3512705,0.34613344,0.186727,0.57013439,0.0,False,False,False,False,True
pair__cell_acct_gate__cell_pkg_mode_from_acct,2,0.35526772,0.35013067,0.18840267,0.62779439,-0.00567289,True,False,False,False,False
pair__cell_acct_gate__cell_pkg_rewrite,2,0.40445044,0.399045,0.15983733,0.53613094,-0.04959011,True,False,False,False,False
pair__cell_acct_tie_protocol__cell_lens_protocol,2,0.35661756,0.35661756,0.19038606,0.87517489,0.0,True,False,False,False,False
pair__cell_acct_tie_protocol__cell_pkg_gate,2,0.35787739,0.35661756,0.23325972,1.0,-0.02554261,False,False,False,False,True
pair__cell_acct_tie_protocol__cell_pkg_mode_from_acct,2,0.35787739,0.35661756,0.23325972,1.0,-0.02554261,False,False,False,False,True
pair__cell_acct_tie_protocol__cell_pkg_rewrite,2,0.37643744,0.36992656,0.13619767,0.69111056,0.00449544,True,False,False,False,False
pair__cell_lens_protocol__cell_pkg_gate,2,0.35661756,0.35661756,0.19038606,0.87517489,0.0,True,False,False,False,False
pair__cell_lens_protocol__cell_pkg_mode_from_acct,2,0.35661756,0.35661756,0.19038606,0.87517489,0.0,True,False,False,False,False
pair__cell_lens_protocol__cell_pkg_rewrite,2,0.37131056,0.37131056,0.09773156,0.63074022,0.07796172,True,False,False,False,False
pair__cell_pkg_gate__cell_pkg_mode_from_acct,2,0.31688856,0.31651433,0.19993289,0.81018922,0.07334822,False,False,False,False,True
pair__cell_pkg_gate__cell_pkg_rewrite,2,0.37782144,0.37131056,0.13930911,0.69111056,0.0,True,False,False,False,False
pair__cell_pkg_mode_from_acct__cell_pkg_rewrite,2,0.37782144,0.37131056,0.13930911,0.69111056,0.0,True,False,False,False,False
singleton__cell_acct_gate,1,0.3512705,0.34613344,0.186727,0.57013439,0.0,False,False,False,False,True
singleton__cell_acct_tie_protocol,1,0.35787739,0.35661756,0.23325972,1.0,0.0,False,False,False,False,True
singleton__cell_lens_protocol,1,0.35661756,0.35661756,0.19038606,0.87517489,0.0,True,False,False,False,False
singleton__cell_pkg_gate,1,0.35787739,0.35661756,0.23325972,1.0,0.0,False,False,False,False,True
singleton__cell_pkg_mode_from_acct,1,0.35787739,0.35661756,0.23325972,1.0,0.0,False,False,False,False,True
singleton__cell_pkg_rewrite,1,0.37782144,0.37131056,0.13930911,0.69111056,0.0,True,False,False,False,False
