item_id,item_type,current_body_status,target_body_status,section,severity
def_closure_package,definition,explicit,displayed_definition,sec_02,high
def_package_change,definition,implicit,displayed_definition,sec_02,high
def_persistent_growth_witness,definition,explicit,displayed_definition,sec_03,high
def_frozen_slice,definition,explicit,displayed_definition,sec_02|sec_04,high
def_extension_operator,definition,implicit,displayed_definition,sec_02|sec_05,high
def_support_cone,definition,explicit,displayed_definition,sec_04,high
def_cone_agreement,definition,explicit,displayed_definition,sec_04,high
def_slice_invariance,definition,explicit,displayed_definition,sec_04|sec_05,high
def_frontier_dominance,definition,explicit,displayed_definition,sec_04,high
def_frontier_efficiency,definition,explicit,displayed_definition,sec_04|sec_05,high
def_canonical_family,definition,explicit,displayed_definition,sec_04|sec_05,high
def_arithmetic_target,definition,explicit,displayed_definition,sec_05,high
def_external_contract,definition,explicit,displayed_definition,sec_05,high
thm_one_step_saturation,theorem,displayed,displayed_statement_with_proof_surface,sec_03,medium
thm_no_persistent_growth,theorem,described_only,displayed_statement,sec_03,high
thm_package_change_necessity,theorem,described_only,displayed_statement,sec_03,high
thm_bridge_surface,theorem,described_only,displayed_or_appendix_alias,sec_03,medium
thm_dominance_congruence,theorem,described_only,displayed_statement,sec_04,high
thm_efficiency_transfer,theorem,described_only,displayed_statement,sec_04,high
thm_restricted_alignment,theorem,described_only,displayed_statement,sec_04,high
thm_conditional_lift,theorem,described_only,displayed_statement,sec_05,high
proof_one_step_saturation,proof,thin,compressed_proof,sec_03,medium
proof_no_persistent_growth,proof,thin,compressed_proof,sec_03,high
proof_package_change_necessity,proof,thin,proof_sketch,sec_03,high
proof_dominance_congruence,proof,thin,compressed_proof,sec_04,high
proof_efficiency_transfer,proof,thin,proof_sketch,sec_04,high
proof_restricted_alignment,proof,thin,proof_sketch,sec_04,high
proof_conditional_lift,proof,thin,proof_sketch,sec_05,high
asm_frozen_slice,assumption,explicit_prose_only,explicit_math_box,sec_05,high
asm_slice_invariant_on_cone,assumption,explicit_prose_only,explicit_math_box,sec_05,high
asm_recursive_monotone_operator,assumption,explicit_prose_only,explicit_math_box,sec_05,high
asm_ext_canonical_family_closed_in_domain,assumption,explicit_prose_only,explicit_math_box,sec_05,high
asm_ext_cone_canonicalization,assumption,explicit_prose_only,explicit_math_box,sec_05,high
asm_ext_arithmetic_interpretation,assumption,explicit_prose_only,explicit_math_box,sec_05,medium
