cell_id,label,actor,informant,loo_program_count,row_group_program_count,in_baseline,in_full_action,in_full_all,impact_proxy_score
cell_p2_p4,P2←P4,P2,P4,0,44,1,1,1,7.35
cell_p4_p4,P4←P4,P4,P4,0,44,1,1,1,7.35
cell_p4_p3,P4←P3,P4,P3,1,21,0,1,1,6.65
cell_p3_p4,P3←P4,P3,P4,1,19,0,1,1,6.35
cell_p3_p6,P3←P6,P3,P6,1,19,0,1,1,6.35
cell_p3_p3,P3←P3,P3,P3,1,17,0,1,1,6.05
cell_p4_p6,P4←P6,P4,P6,1,13,0,1,1,5.45
cell_p5_p4,P5←P4,P5,P4,1,13,0,1,1,5.45
cell_p6_p6,P6←P6,P6,P6,1,13,0,1,1,5.45
cell_p2_p6,P2←P6,P2,P6,1,11,0,1,1,5.15
cell_p1_p1,P1←P1,P1,P1,1,10,0,1,1,5.0
cell_p1_p2,P1←P2,P1,P2,1,10,0,1,1,5.0
cell_p1_p4,P1←P4,P1,P4,1,10,0,1,1,5.0
cell_p2_p1,P2←P1,P2,P1,1,10,0,1,1,5.0
cell_p2_p2,P2←P2,P2,P2,1,10,0,1,1,5.0
cell_p5_p3,P5←P3,P5,P3,1,10,0,1,1,5.0
cell_p5_p6,P5←P6,P5,P6,1,10,0,1,1,5.0
cell_p1_p3,P1←P3,P1,P3,1,9,0,1,1,4.85
cell_p1_p6,P1←P6,P1,P6,1,9,0,1,1,4.85
cell_p2_p3,P2←P3,P2,P3,1,9,0,1,1,4.85
cell_p6_p4,P6←P4,P6,P4,1,9,0,1,1,4.85
cell_p2_p5,P2←P5,P2,P5,1,8,0,1,1,4.7
cell_p3_p5,P3←P5,P3,P5,1,8,0,1,1,4.7
cell_p1_p5,P1←P5,P1,P5,1,7,0,1,1,4.55
cell_p4_p5,P4←P5,P4,P5,0,6,0,0,1,1.15
