program_id,label,program_kind,evidence_status,member_cell_count,has_run_summary_source,has_loo_source,has_taxonomy_source,ledger_mentions,support_score,support_class
prog_baseline,baseline,baseline_style,observed,2,1,0,1,67,4.5,strong_surface_support
prog_full_action,full_action,baseline_style,observed,24,1,0,1,35,4.5,strong_surface_support
prog_a13_a14,A13_A14,row_group,observed,4,0,0,1,13,2.5,moderate_surface_support
prog_a14_a19,A14_A19,row_group,observed,4,0,0,1,13,2.5,moderate_surface_support
prog_a14_only,A14_only,row_group,observed,3,0,0,1,13,2.5,moderate_surface_support
prog_a16_only,A16_only,row_group,observed,3,0,0,1,8,2.5,moderate_surface_support
prog_a17_only,A17_only,row_group,observed,3,0,0,1,6,2.5,moderate_surface_support
prog_a18_a19,A18_A19,row_group,observed,4,0,0,1,7,2.5,moderate_surface_support
prog_p1_row,P1_row,row_group,observed,7,0,0,1,7,2.5,moderate_surface_support
prog_p3_row,P3_row,row_group,observed,5,0,0,1,5,2.5,moderate_surface_support
prog_p5_row,P5_row,row_group,observed,5,0,0,1,3,2.5,moderate_surface_support
prog_full_all,full_all,row_group,observed,25,0,0,1,8,2.5,moderate_surface_support
prog_loo_a1,loo_A1,key_ablation,observed,1,0,1,0,0,2.0,moderate_surface_support
prog_loo_a11,loo_A11,key_ablation,observed,1,0,1,0,0,2.0,moderate_surface_support
prog_loo_a12,loo_A12,key_ablation,observed,1,0,1,0,0,2.0,moderate_surface_support
prog_loo_a13,loo_A13,key_ablation,observed,1,0,1,0,0,2.0,moderate_surface_support
prog_loo_a14,loo_A14,key_ablation,observed,1,0,1,0,0,2.0,moderate_surface_support
prog_loo_a17,loo_A17,key_ablation,observed,1,0,1,0,0,2.0,moderate_surface_support
prog_loo_a18,loo_A18,key_ablation,observed,1,0,1,0,0,2.0,moderate_surface_support
prog_loo_a19,loo_A19,key_ablation,observed,1,0,1,0,0,2.0,moderate_surface_support
prog_loo_a2,loo_A2,key_ablation,observed,1,0,1,0,0,2.0,moderate_surface_support
prog_loo_a20,loo_A20,key_ablation,observed,1,0,1,0,0,2.0,moderate_surface_support
prog_loo_a21,loo_A21,key_ablation,observed,1,0,1,0,0,2.0,moderate_surface_support
prog_loo_a22,loo_A22,key_ablation,observed,1,0,1,0,0,2.0,moderate_surface_support
prog_loo_a23,loo_A23,key_ablation,observed,1,0,1,0,0,2.0,moderate_surface_support
prog_loo_a24,loo_A24,key_ablation,observed,1,0,1,0,0,2.0,moderate_surface_support
prog_loo_a25,loo_A25,key_ablation,observed,1,0,1,0,0,2.0,moderate_surface_support
prog_loo_a3,loo_A3,key_ablation,observed,1,0,1,0,0,2.0,moderate_surface_support
prog_loo_a4,loo_A4,key_ablation,observed,1,0,1,0,0,2.0,moderate_surface_support
prog_loo_a5,loo_A5,key_ablation,observed,1,0,1,0,0,2.0,moderate_surface_support
prog_loo_a6,loo_A6,key_ablation,observed,1,0,1,0,0,2.0,moderate_surface_support
prog_loo_a7,loo_A7,key_ablation,observed,1,0,1,0,0,2.0,moderate_surface_support
prog_loo_a8,loo_A8,key_ablation,observed,1,0,1,0,0,2.0,moderate_surface_support
prog_loo_a9,loo_A9,key_ablation,observed,1,0,1,0,0,2.0,moderate_surface_support
prog_a20_only,A20_only,row_group,observed,3,0,0,1,2,2.0,moderate_surface_support
prog_p6_row,P6_row,row_group,observed,4,0,0,1,2,2.0,moderate_surface_support
prog_a12_a25,A12_A25,row_group,observed,4,0,0,1,1,1.5,limited_surface_support
prog_a18_only,A18_only,row_group,observed,3,0,0,1,1,1.5,limited_surface_support
prog_a22_only,A22_only,row_group,observed,3,0,0,1,1,1.5,limited_surface_support
prog_p2_row,P2_row,row_group,observed,6,0,0,1,1,1.5,limited_surface_support
prog_gen2_a14_a13,gen2_A14_A13,row_group,observed,4,0,0,1,1,1.5,limited_surface_support
prog_gen3_a13_a14_a19,gen3_A13_A14_A19,row_group,observed,5,0,0,1,1,1.5,limited_surface_support
prog_gen3_a13_a18_a19,gen3_A13_A18_A19,row_group,observed,5,0,0,1,1,1.5,limited_surface_support
prog_gen4_core,gen4_core,row_group,observed,6,0,0,1,1,1.5,limited_surface_support
prog_gen5_core_a25,gen5_core_A25,row_group,observed,7,0,0,1,1,1.5,limited_surface_support
prog_gen6_core_a12_a25,gen6_core_A12_A25,row_group,observed,8,0,0,1,1,1.5,limited_surface_support
prog_a13_a11,A13_A11,row_group,observed,5,0,0,1,0,1.0,limited_surface_support
prog_a14_a17,A14_A17,row_group,observed,4,0,0,1,0,1.0,limited_surface_support
prog_a14_a25,A14_A25,row_group,observed,4,0,0,1,0,1.0,limited_surface_support
prog_a4_a19,A4_A19,row_group,observed,4,0,0,1,0,1.0,limited_surface_support
prog_p1_p3_rows,P1_P3_rows,row_group,observed,10,0,0,1,0,1.0,limited_surface_support
prog_p2_p3_rows,P2_P3_rows,row_group,observed,9,0,0,1,0,1.0,limited_surface_support
prog_p3_p4_rows,P3_P4_rows,row_group,observed,8,0,0,1,0,1.0,limited_surface_support
prog_p4_p5_rows,P4_P5_rows,row_group,observed,8,0,0,1,0,1.0,limited_surface_support
prog_p4_row,P4_row,row_group,observed,5,0,0,1,0,1.0,limited_surface_support
prog_col_p1,col_P1,row_group,observed,4,0,0,1,0,1.0,limited_surface_support
prog_col_p2,col_P2,row_group,observed,4,0,0,1,0,1.0,limited_surface_support
prog_col_p3,col_P3,row_group,observed,7,0,0,1,0,1.0,limited_surface_support
prog_col_p4,col_P4,row_group,observed,6,0,0,1,0,1.0,limited_surface_support
prog_col_p5,col_P5,row_group,observed,7,0,0,1,0,1.0,limited_surface_support
prog_col_p6,col_P6,row_group,observed,8,0,0,1,0,1.0,limited_surface_support
prog_fa_no_p1row,fa_no_P1row,row_group,observed,18,0,0,1,0,1.0,limited_surface_support
prog_fa_no_p2mod,fa_no_P2mod,row_group,observed,19,0,0,1,0,1.0,limited_surface_support
prog_fa_no_p3row,fa_no_P3row,row_group,observed,20,0,0,1,0,1.0,limited_surface_support
prog_fa_no_inf_p3,fa_no_inf_P3,row_group,observed,19,0,0,1,0,1.0,limited_surface_support
prog_fa_no_inf_p4,fa_no_inf_P4,row_group,observed,20,0,0,1,0,1.0,limited_surface_support
prog_fa_no_inf_p5,fa_no_inf_P5,row_group,observed,21,0,0,1,0,1.0,limited_surface_support
prog_fa_no_inf_p6,fa_no_inf_P6,row_group,observed,18,0,0,1,0,1.0,limited_surface_support
