atlas_family,id,label_or_concept,kind_or_status,provenance_type,evidence_status,source_paths,member_count
cell,cell_p1_p1,P1←P1,cell,figdata,observed,vendors/six-birds-pica/paper/figdata/loo_cell_map.csv;vendors/six-birds-pica/paper/figdata/T4_taxonomy_generators.csv,
cell,cell_p1_p2,P1←P2,cell,figdata,observed,vendors/six-birds-pica/paper/figdata/loo_cell_map.csv;vendors/six-birds-pica/paper/figdata/T4_taxonomy_generators.csv,
cell,cell_p1_p3,P1←P3,cell,figdata,observed,vendors/six-birds-pica/paper/figdata/loo_cell_map.csv;vendors/six-birds-pica/paper/figdata/T4_taxonomy_generators.csv,
cell,cell_p1_p4,P1←P4,cell,figdata,observed,vendors/six-birds-pica/paper/figdata/loo_cell_map.csv;vendors/six-birds-pica/paper/figdata/T4_taxonomy_generators.csv,
cell,cell_p1_p5,P1←P5,cell,figdata,observed,vendors/six-birds-pica/paper/figdata/loo_cell_map.csv;vendors/six-birds-pica/paper/figdata/T4_taxonomy_generators.csv,
cell,cell_p1_p6,P1←P6,cell,figdata,observed,vendors/six-birds-pica/paper/figdata/loo_cell_map.csv;vendors/six-birds-pica/paper/figdata/T4_taxonomy_generators.csv,
cell,cell_p2_p1,P2←P1,cell,figdata,observed,vendors/six-birds-pica/paper/figdata/loo_cell_map.csv;vendors/six-birds-pica/paper/figdata/T4_taxonomy_generators.csv,
cell,cell_p2_p2,P2←P2,cell,figdata,observed,vendors/six-birds-pica/paper/figdata/loo_cell_map.csv;vendors/six-birds-pica/paper/figdata/T4_taxonomy_generators.csv,
cell,cell_p2_p3,P2←P3,cell,figdata,observed,vendors/six-birds-pica/paper/figdata/loo_cell_map.csv;vendors/six-birds-pica/paper/figdata/T4_taxonomy_generators.csv,
cell,cell_p2_p4,P2←P4,cell,figdata,observed,vendors/six-birds-pica/paper/figdata/T4_taxonomy_generators.csv,
cell,cell_p2_p5,P2←P5,cell,figdata,observed,vendors/six-birds-pica/paper/figdata/loo_cell_map.csv;vendors/six-birds-pica/paper/figdata/T4_taxonomy_generators.csv,
cell,cell_p2_p6,P2←P6,cell,figdata,observed,vendors/six-birds-pica/paper/figdata/loo_cell_map.csv;vendors/six-birds-pica/paper/figdata/T4_taxonomy_generators.csv,
cell,cell_p3_p3,P3←P3,cell,figdata,observed,vendors/six-birds-pica/paper/figdata/loo_cell_map.csv;vendors/six-birds-pica/paper/figdata/T4_taxonomy_generators.csv,
cell,cell_p3_p4,P3←P4,cell,figdata,observed,vendors/six-birds-pica/paper/figdata/loo_cell_map.csv;vendors/six-birds-pica/paper/figdata/T4_taxonomy_generators.csv,
cell,cell_p3_p5,P3←P5,cell,figdata,observed,vendors/six-birds-pica/paper/figdata/loo_cell_map.csv;vendors/six-birds-pica/paper/figdata/T4_taxonomy_generators.csv,
cell,cell_p3_p6,P3←P6,cell,figdata,observed,vendors/six-birds-pica/paper/figdata/loo_cell_map.csv;vendors/six-birds-pica/paper/figdata/T4_taxonomy_generators.csv,
cell,cell_p4_p3,P4←P3,cell,figdata,observed,vendors/six-birds-pica/paper/figdata/loo_cell_map.csv;vendors/six-birds-pica/paper/figdata/T4_taxonomy_generators.csv,
cell,cell_p4_p4,P4←P4,cell,figdata,observed,vendors/six-birds-pica/paper/figdata/T4_taxonomy_generators.csv,
cell,cell_p4_p5,P4←P5,cell,figdata,observed,vendors/six-birds-pica/paper/figdata/T4_taxonomy_generators.csv,
cell,cell_p4_p6,P4←P6,cell,figdata,observed,vendors/six-birds-pica/paper/figdata/loo_cell_map.csv;vendors/six-birds-pica/paper/figdata/T4_taxonomy_generators.csv,
cell,cell_p5_p3,P5←P3,cell,figdata,observed,vendors/six-birds-pica/paper/figdata/loo_cell_map.csv;vendors/six-birds-pica/paper/figdata/T4_taxonomy_generators.csv,
cell,cell_p5_p4,P5←P4,cell,figdata,observed,vendors/six-birds-pica/paper/figdata/loo_cell_map.csv;vendors/six-birds-pica/paper/figdata/T4_taxonomy_generators.csv,
cell,cell_p5_p6,P5←P6,cell,figdata,observed,vendors/six-birds-pica/paper/figdata/loo_cell_map.csv;vendors/six-birds-pica/paper/figdata/T4_taxonomy_generators.csv,
cell,cell_p6_p4,P6←P4,cell,figdata,observed,vendors/six-birds-pica/paper/figdata/loo_cell_map.csv;vendors/six-birds-pica/paper/figdata/T4_taxonomy_generators.csv,
cell,cell_p6_p6,P6←P6,cell,figdata,observed,vendors/six-birds-pica/paper/figdata/loo_cell_map.csv;vendors/six-birds-pica/paper/figdata/T4_taxonomy_generators.csv,
program,prog_a12_a25,A12_A25,row_group,figdata,observed,vendors/six-birds-pica/paper/figdata/T4_taxonomy_generators.csv,4
program,prog_a13_a11,A13_A11,row_group,figdata,observed,vendors/six-birds-pica/paper/figdata/T4_taxonomy_generators.csv,5
program,prog_a13_a14,A13_A14,row_group,figdata,observed,vendors/six-birds-pica/paper/figdata/T4_taxonomy_generators.csv,4
program,prog_a14_a17,A14_A17,row_group,figdata,observed,vendors/six-birds-pica/paper/figdata/T4_taxonomy_generators.csv,4
program,prog_a14_a19,A14_A19,row_group,figdata,observed,vendors/six-birds-pica/paper/figdata/T4_taxonomy_generators.csv,4
program,prog_a14_a25,A14_A25,row_group,figdata,observed,vendors/six-birds-pica/paper/figdata/T4_taxonomy_generators.csv,4
program,prog_a14_only,A14_only,row_group,figdata,observed,vendors/six-birds-pica/paper/figdata/T4_taxonomy_generators.csv,3
program,prog_a16_only,A16_only,row_group,figdata,observed,vendors/six-birds-pica/paper/figdata/T4_taxonomy_generators.csv,3
program,prog_a17_only,A17_only,row_group,figdata,observed,vendors/six-birds-pica/paper/figdata/T4_taxonomy_generators.csv,3
program,prog_a18_a19,A18_A19,row_group,figdata,observed,vendors/six-birds-pica/paper/figdata/T4_taxonomy_generators.csv,4
program,prog_a18_only,A18_only,row_group,figdata,observed,vendors/six-birds-pica/paper/figdata/T4_taxonomy_generators.csv,3
program,prog_a20_only,A20_only,row_group,figdata,observed,vendors/six-birds-pica/paper/figdata/T4_taxonomy_generators.csv,3
program,prog_a22_only,A22_only,row_group,figdata,observed,vendors/six-birds-pica/paper/figdata/T4_taxonomy_generators.csv,3
program,prog_a4_a19,A4_A19,row_group,figdata,observed,vendors/six-birds-pica/paper/figdata/T4_taxonomy_generators.csv,4
program,prog_baseline,baseline,baseline_style,figdata,observed,vendors/six-birds-pica/paper/figdata/T4_taxonomy_generators.csv;vendors/six-birds-pica/paper/figdata/run_summary_table.csv.gz,2
program,prog_col_p1,col_P1,row_group,figdata,observed,vendors/six-birds-pica/paper/figdata/T4_taxonomy_generators.csv,4
program,prog_col_p2,col_P2,row_group,figdata,observed,vendors/six-birds-pica/paper/figdata/T4_taxonomy_generators.csv,4
program,prog_col_p3,col_P3,row_group,figdata,observed,vendors/six-birds-pica/paper/figdata/T4_taxonomy_generators.csv,7
program,prog_col_p4,col_P4,row_group,figdata,observed,vendors/six-birds-pica/paper/figdata/T4_taxonomy_generators.csv,6
program,prog_col_p5,col_P5,row_group,figdata,observed,vendors/six-birds-pica/paper/figdata/T4_taxonomy_generators.csv,7
program,prog_col_p6,col_P6,row_group,figdata,observed,vendors/six-birds-pica/paper/figdata/T4_taxonomy_generators.csv,8
program,prog_empty,empty,baseline_style,figdata,observed,vendors/six-birds-pica/paper/figdata/T4_taxonomy_generators.csv;vendors/six-birds-pica/paper/figdata/run_summary_table.csv.gz,0
program,prog_fa_no_inf_p3,fa_no_inf_P3,row_group,figdata,observed,vendors/six-birds-pica/paper/figdata/T4_taxonomy_generators.csv,19
program,prog_fa_no_inf_p4,fa_no_inf_P4,row_group,figdata,observed,vendors/six-birds-pica/paper/figdata/T4_taxonomy_generators.csv,20
program,prog_fa_no_inf_p5,fa_no_inf_P5,row_group,figdata,observed,vendors/six-birds-pica/paper/figdata/T4_taxonomy_generators.csv,21
program,prog_fa_no_inf_p6,fa_no_inf_P6,row_group,figdata,observed,vendors/six-birds-pica/paper/figdata/T4_taxonomy_generators.csv,18
program,prog_fa_no_p1row,fa_no_P1row,row_group,figdata,observed,vendors/six-birds-pica/paper/figdata/T4_taxonomy_generators.csv,18
program,prog_fa_no_p2mod,fa_no_P2mod,row_group,figdata,observed,vendors/six-birds-pica/paper/figdata/T4_taxonomy_generators.csv,19
program,prog_fa_no_p3row,fa_no_P3row,row_group,figdata,observed,vendors/six-birds-pica/paper/figdata/T4_taxonomy_generators.csv,20
program,prog_full_action,full_action,baseline_style,figdata,observed,vendors/six-birds-pica/paper/figdata/T4_taxonomy_generators.csv;vendors/six-birds-pica/paper/figdata/run_summary_table.csv.gz,24
program,prog_full_all,full_all,row_group,figdata,observed,vendors/six-birds-pica/paper/figdata/T4_taxonomy_generators.csv,25
program,prog_gen2_a14_a13,gen2_A14_A13,row_group,figdata,observed,vendors/six-birds-pica/paper/figdata/T4_taxonomy_generators.csv,4
program,prog_gen3_a13_a14_a19,gen3_A13_A14_A19,row_group,figdata,observed,vendors/six-birds-pica/paper/figdata/T4_taxonomy_generators.csv,5
program,prog_gen3_a13_a18_a19,gen3_A13_A18_A19,row_group,figdata,observed,vendors/six-birds-pica/paper/figdata/T4_taxonomy_generators.csv,5
program,prog_gen4_core,gen4_core,row_group,figdata,observed,vendors/six-birds-pica/paper/figdata/T4_taxonomy_generators.csv,6
program,prog_gen5_core_a25,gen5_core_A25,row_group,figdata,observed,vendors/six-birds-pica/paper/figdata/T4_taxonomy_generators.csv,7
program,prog_gen6_core_a12_a25,gen6_core_A12_A25,row_group,figdata,observed,vendors/six-birds-pica/paper/figdata/T4_taxonomy_generators.csv,8
program,prog_loo_a1,loo_A1,key_ablation,figdata,observed,vendors/six-birds-pica/paper/figdata/loo_cell_map.csv,1
program,prog_loo_a11,loo_A11,key_ablation,figdata,observed,vendors/six-birds-pica/paper/figdata/loo_cell_map.csv,1
program,prog_loo_a12,loo_A12,key_ablation,figdata,observed,vendors/six-birds-pica/paper/figdata/loo_cell_map.csv,1
program,prog_loo_a13,loo_A13,key_ablation,figdata,observed,vendors/six-birds-pica/paper/figdata/loo_cell_map.csv,1
program,prog_loo_a14,loo_A14,key_ablation,figdata,observed,vendors/six-birds-pica/paper/figdata/loo_cell_map.csv,1
program,prog_loo_a17,loo_A17,key_ablation,figdata,observed,vendors/six-birds-pica/paper/figdata/loo_cell_map.csv,1
program,prog_loo_a18,loo_A18,key_ablation,figdata,observed,vendors/six-birds-pica/paper/figdata/loo_cell_map.csv,1
program,prog_loo_a19,loo_A19,key_ablation,figdata,observed,vendors/six-birds-pica/paper/figdata/loo_cell_map.csv,1
program,prog_loo_a2,loo_A2,key_ablation,figdata,observed,vendors/six-birds-pica/paper/figdata/loo_cell_map.csv,1
program,prog_loo_a20,loo_A20,key_ablation,figdata,observed,vendors/six-birds-pica/paper/figdata/loo_cell_map.csv,1
program,prog_loo_a21,loo_A21,key_ablation,figdata,observed,vendors/six-birds-pica/paper/figdata/loo_cell_map.csv,1
program,prog_loo_a22,loo_A22,key_ablation,figdata,observed,vendors/six-birds-pica/paper/figdata/loo_cell_map.csv,1
program,prog_loo_a23,loo_A23,key_ablation,figdata,observed,vendors/six-birds-pica/paper/figdata/loo_cell_map.csv,1
program,prog_loo_a24,loo_A24,key_ablation,figdata,observed,vendors/six-birds-pica/paper/figdata/loo_cell_map.csv,1
program,prog_loo_a25,loo_A25,key_ablation,figdata,observed,vendors/six-birds-pica/paper/figdata/loo_cell_map.csv,1
program,prog_loo_a3,loo_A3,key_ablation,figdata,observed,vendors/six-birds-pica/paper/figdata/loo_cell_map.csv,1
program,prog_loo_a4,loo_A4,key_ablation,figdata,observed,vendors/six-birds-pica/paper/figdata/loo_cell_map.csv,1
program,prog_loo_a5,loo_A5,key_ablation,figdata,observed,vendors/six-birds-pica/paper/figdata/loo_cell_map.csv,1
program,prog_loo_a6,loo_A6,key_ablation,figdata,observed,vendors/six-birds-pica/paper/figdata/loo_cell_map.csv,1
program,prog_loo_a7,loo_A7,key_ablation,figdata,observed,vendors/six-birds-pica/paper/figdata/loo_cell_map.csv,1
program,prog_loo_a8,loo_A8,key_ablation,figdata,observed,vendors/six-birds-pica/paper/figdata/loo_cell_map.csv,1
program,prog_loo_a9,loo_A9,key_ablation,figdata,observed,vendors/six-birds-pica/paper/figdata/loo_cell_map.csv,1
program,prog_p1_p3_rows,P1_P3_rows,row_group,figdata,observed,vendors/six-birds-pica/paper/figdata/T4_taxonomy_generators.csv,10
program,prog_p1_row,P1_row,row_group,figdata,observed,vendors/six-birds-pica/paper/figdata/T4_taxonomy_generators.csv,7
program,prog_p2_p3_rows,P2_P3_rows,row_group,figdata,observed,vendors/six-birds-pica/paper/figdata/T4_taxonomy_generators.csv,9
program,prog_p2_row,P2_row,row_group,figdata,observed,vendors/six-birds-pica/paper/figdata/T4_taxonomy_generators.csv,6
program,prog_p3_p4_rows,P3_P4_rows,row_group,figdata,observed,vendors/six-birds-pica/paper/figdata/T4_taxonomy_generators.csv,8
program,prog_p3_row,P3_row,row_group,figdata,observed,vendors/six-birds-pica/paper/figdata/T4_taxonomy_generators.csv,5
program,prog_p4_p5_rows,P4_P5_rows,row_group,figdata,observed,vendors/six-birds-pica/paper/figdata/T4_taxonomy_generators.csv,8
program,prog_p4_row,P4_row,row_group,figdata,observed,vendors/six-birds-pica/paper/figdata/T4_taxonomy_generators.csv,5
program,prog_p5_row,P5_row,row_group,figdata,observed,vendors/six-birds-pica/paper/figdata/T4_taxonomy_generators.csv,5
program,prog_p6_row,P6_row,row_group,figdata,observed,vendors/six-birds-pica/paper/figdata/T4_taxonomy_generators.csv,4
crosswalk,,packaging,partial,,,cell_p1_p5;prog_baseline;prog_full_action,
crosswalk,,accounting,direct,,,cell_p2_p6,
crosswalk,,protocol,partial,,,cell_p3_p4,
crosswalk,,gating,direct,,,cell_p2_p5,
crosswalk,,rewrite,partial,,,cell_p1_p5,
crosswalk,,lens_sector,partial,,,cell_p3_p4,
