config,scale,canonical_primary_metric_name,primary_metric_mean,delta_vs_baseline_frob_from_rank1,delta_vs_A13_A14_frob_from_rank1,delta_vs_A14_A19_frob_from_rank1,delta_vs_full_action_frob_from_rank1,delta_vs_full_all_frob_from_rank1,seed_coverage_observed,seed_coverage_required,anchor_k4_coverage_ratio,anchor_k4_pair_covered,run_status_flags
A13_A14,64,delta_vs_baseline_frob_from_rank1,0.96419007,-0.06455054,0.0,-0.25468419,-0.32123911,-0.1414436,10,10,1.0,True,ok
A14_A19,64,delta_vs_baseline_frob_from_rank1,1.21887426,0.19013365,0.25468419,0.0,-0.06655492,0.11324059,10,10,0.4,True,ok
A14_only,64,delta_vs_baseline_frob_from_rank1,1.11256694,0.08382633,0.14837687,-0.10630732,-0.17286224,0.00693327,10,10,1.0,True,ok
baseline,64,delta_vs_baseline_frob_from_rank1,1.02874061,0.0,0.06455054,-0.19013365,-0.25668857,-0.07689306,10,10,0.9,True,ok
full_action,64,delta_vs_baseline_frob_from_rank1,1.28542918,0.25668857,0.32123911,0.06655492,0.0,0.17979551,10,10,0.5,True,ok
full_all,64,delta_vs_baseline_frob_from_rank1,1.10563367,0.07689306,0.1414436,-0.11324059,-0.17979551,0.0,10,10,0.8,True,ok
A13_A14,128,delta_vs_baseline_frob_from_rank1,1.18688472,0.20333875,0.0,0.0828182,0.08196616,0.07168264,10,10,1.0,True,ok
A14_A19,128,delta_vs_baseline_frob_from_rank1,1.10406652,0.12052055,-0.0828182,0.0,-0.00085204,-0.01113556,10,10,0.8,True,ok
A14_only,128,delta_vs_baseline_frob_from_rank1,1.31820961,0.33466364,0.13132489,0.2141431,0.21329106,0.20300754,10,10,1.0,True,ok
baseline,128,delta_vs_baseline_frob_from_rank1,0.98354597,0.0,-0.20333875,-0.12052055,-0.12137258,-0.13165611,10,10,1.0,True,ok
full_action,128,delta_vs_baseline_frob_from_rank1,1.10491855,0.12137258,-0.08196616,0.00085204,0.0,-0.01028352,10,10,1.0,True,ok
full_all,128,delta_vs_baseline_frob_from_rank1,1.11520208,0.13165611,-0.07168264,0.01113556,0.01028352,0.0,10,10,0.8,True,ok
